,,,,,,,,,,,
Propofol,mode,Manual,time(sec),bolus(mg),infusion(mg/hr),Conc blood(C1),Conc C2,Conc C3,Conc effect,Target,BIS
Patient data,,,0,160,0,23713.68721,0,0,0,0,93
Weight,89,kg,5,0,0,22066.68346,128.174384,7.763042,260.638736,0,93
Age,34,yr,10,0,0,20537.55336,246.738412,14.984876,500.226092,0,93
Length,179,cm,15,0,0,19117.84952,356.382299,21.70423,720.295725,0,93
Gender,female,,20,0,0,17799.72997,457.746789,27.957054,922.271581,0,93
Model:,Eleveld[2],,25,0,0,16575.91478,551.426698,33.776723,1107.474689,0,92.4
Dilution: ,10,mg/ml,30,0,0,15439.64575,637.974207,39.194221,1277.131609,0,90.6
V1:,6.747158,L ,35,0,0,14384.64904,717.901919,44.23831,1432.380498,0,88
k12:,0.329039,/min ,40,0,0,13405.10046,791.685693,48.935691,1574.277995,0,85.1
k21:,0.067416,/min ,45,0,0,12495.59323,859.767278,53.311154,1703.80397,0,82
k13:,0.163072,/min ,50,0,0,11651.10807,922.556759,57.387709,1821.868833,0,78.9
k31:,0.004072,/min ,55,0,0,10866.98542,980.434826,61.18672,1929.316735,0,76
k10:,0.372664,/min ,60,0,0,10138.89968,1033.754879,64.728018,2026.93119,0,73.3
keo: ,0.137493,/min ,65,0,0,9462.835245,1082.844986,68.030014,2115.439621,0,70.8
Thkeo: ,5.041335,min,70,0,0,8835.064329,1128.009698,71.1098,2195.516665,0,68.5
TPE: ,2.7,min ,75,0,0,8252.126294,1169.531733,73.983242,2267.788856,0,66.4
,,,80,0,0,7710.808528,1207.673544,76.665069,2332.836999,0,64.6
,,,85,0,0,7208.128663,1242.678768,79.168958,2391.200709,0,62.9
,,,90,0,0,6741.318074,1274.773576,81.5076,2443.379742,0,61.4
,,,95,0,0,6307.806563,1304.167924,83.692783,2489.83883,0,60.1
,,,100,0,0,5905.208132,1331.056718,85.735445,2531.008599,0,58.9
,,,105,0,0,5531.307785,1355.620889,87.645745,2567.288531,0,57.9
,,,110,0,0,5184.049274,1378.028396,89.433109,2599.049382,0,57
,,,115,0,0,4861.523718,1398.435156,91.106293,2626.635251,0,56.1
,,,120,40,0,10490.38084,1416.985908,92.673421,2650.365323,0,55.4
,,,125,0,0,9800.381038,1465.858608,96.082798,2735.695031,0,54.8
,,,130,0,0,9159.638281,1510.731797,99.265366,2812.476614,0,54.3
,,,135,0,0,8564.623004,1551.89381,102.237308,2881.347993,0,53.8
,,,140,0,0,8012.058598,1589.612314,105.013647,2942.901581,0,53.4
,,,145,0,0,7498.903287,1624.135785,107.608331,2997.686458,0,52.2
,,,150,0,0,7022.333292,1655.694885,110.034307,3046.212562,0,51
,,,155,0,0,6579.727214,1684.50374,112.303597,3088.952784,0,49.9
,,,160,0,0,6168.651523,1710.761123,114.427358,3126.346174,0,49
,,,165,0,0,5786.847101,1734.651556,116.415951,3158.799269,0,48.1
,,,170,0,0,5432.216734,1756.346329,118.278992,3186.690239,0,47.4
,,,175,0,0,5102.813514,1776.004453,120.025409,3210.369133,0,46.8
,,,180,0,802,4796.778456,1793.721927,121.611884,3230.160772,0,46.3
,,,185,0,802,4671.822999,1810.190937,123.176675,3247.28608,0,45.9
,,,190,0,802,4556.001143,1825.893582,124.700107,3262.845554,0,45.6
,,,195,0,802,4448.657765,1840.883464,126.185181,3276.957242,0,45.3
,,,200,0,802,4349.184698,1855.210349,127.634682,3289.73079,0,45.1
,,,205,0,802,4257.017362,1868.920438,129.051195,3301.267753,0,44.9
,,,210,0,802,4171.631644,1882.056629,130.437121,3311.662468,0,44.8
,,,215,0,802,4092.540993,1894.658747,131.794687,3321.002382,0,44.6
,,,220,0,802,4019.293734,1906.763769,133.12596,3329.368687,0,44.5
,,,225,0,802,3951.470561,1918.406024,134.432862,3336.83648,0,44.4
,,,230,0,802,3888.682225,1929.617389,135.717172,3343.475687,0,44.3
,,,235,0,802,3830.567374,1940.427457,136.980546,3349.350949,0,44.2
,,,240,0,802,3776.790556,1950.863705,138.224518,3354.522242,0,44.1
,,,245,0,802,3727.040363,1960.951648,139.450514,3359.045264,0,44
,,,250,0,802,3681.027705,1970.714974,140.659856,3362.971545,0,43.9
,,,255,0,802,3638.484217,1980.175678,141.853771,3366.348993,0,43.9
,,,260,0,802,3599.160764,1989.354183,143.033399,3369.221862,0,43.8
,,,265,0,802,3562.826072,1998.269453,144.199799,3371.631355,0,43.8
,,,270,0,802,3529.265443,2006.939098,145.353951,3373.615403,0,43.7
,,,275,0,802,3498.279567,2015.379468,146.496767,3375.209437,0,43.7
,,,280,0,802,3469.68342,2023.605746,147.629092,3376.446135,0,43.7
,,,285,0,802,3443.305243,2031.632034,148.751711,3377.355759,0,43.6
,,,290,0,802,3418.985585,2039.471423,149.865353,3377.966379,0,43.6
,,,295,0,802,3396.576426,2047.136074,150.970694,3378.304035,0,43.6
,,,300,0,802,3375.940357,2054.637277,152.068361,3378.392831,0,43.6
,,,305,0,802,3356.949817,2061.98552,153.158937,3378.25498,0,43.6
,,,310,0,802,3339.486391,2069.190543,154.242961,3377.91123,0,43.6
,,,315,0,802,3323.44015,2076.261391,155.320936,3377.380579,0,43.6
,,,320,0,802,3308.709046,2083.206464,156.393327,3376.680845,0,43.6
,,,325,0,802,3295.198347,2090.033568,157.460565,3375.828259,0,43.6
,,,330,0,802,3282.820112,2096.749949,158.523052,3374.837968,0,43.6
,,,335,0,802,3271.492704,2103.362341,159.581158,3373.724121,0,43.6
,,,340,0,802,3261.140338,2109.876998,160.63523,3372.499448,0,43.6
,,,345,0,802,3251.692663,2116.29973,161.685587,3371.176094,0,43.6
,,,350,0,802,3243.08437,2122.635936,162.732527,3369.76498,0,43.6
,,,355,0,802,3235.254835,2128.890631,163.776324,3368.276378,0,43.6
,,,360,0,802,3228.147777,2135.068473,164.817234,3366.719769,0,43.6
,,,365,0,802,3221.710953,2141.173793,165.855496,3365.103746,0,43.6
,,,370,0,802,3215.895865,2147.210614,166.891327,3363.43642,0,43.6
,,,375,0,802,3210.657492,2153.182676,167.924934,3361.725172,0,43.7
,,,380,0,802,3205.954041,2159.093452,168.956504,3359.976791,0,43.7
,,,385,0,802,3201.746717,2164.946174,169.986213,3358.197674,0,43.7
,,,390,0,802,3197.999506,2170.743844,171.014225,3356.393506,0,43.7
,,,395,0,802,3194.678977,2176.489253,172.04069,3354.569708,0,43.7
,,,400,0,802,3191.754095,2182.184995,173.065748,3352.731109,0,43.7
,,,405,0,802,3189.196054,2187.833484,174.089528,3350.882285,0,43.8
,,,410,0,802,3186.978111,2193.436964,175.112152,3349.027336,0,43.8
,,,415,0,802,3185.075443,2198.997522,176.13373,3347.170062,0,43.8
,,,420,0,802,3183.465007,2204.517099,177.154367,3345.313937,0,43.8
,,,425,0,802,3182.125413,2209.997501,178.174157,3343.462238,0,43.8
,,,430,0,802,3181.036805,2215.440409,179.19319,3341.617807,0,43.9
,,,435,0,802,3180.180752,2220.847386,180.211548,3339.783282,0,43.9
,,,440,0,802,3179.540146,2226.219888,181.229306,3337.961206,0,43.9
,,,445,0,802,3179.099105,2231.55927,182.246537,3336.153701,0,43.9
,,,450,0,802,3178.842889,2236.866793,183.263304,3334.362829,0,43.9
,,,455,0,802,3178.757814,2242.143633,184.279669,3332.590513,0,43.9
,,,460,0,802,3178.83118,2247.390885,185.295687,3330.838241,0,44
,,,465,0,802,3179.051196,2252.609568,186.311411,3329.107641,0,44
,,,470,0,802,3179.40692,2257.800632,187.326888,3327.400034,0,44
,,,475,0,802,3179.888195,2262.964965,188.342163,3325.716699,0,44
,,,480,0,802,3180.485592,2268.103392,189.357277,3324.058679,0,44
,,,485,0,802,3181.190361,2273.216684,190.372267,3322.426973,0,44.1
,,,490,0,802,3181.994381,2278.30556,191.387169,3320.822462,0,44.1
,,,495,0,802,3182.890111,2283.370693,192.402015,3319.245898,0,44.1
,,,500,0,802,3183.870557,2288.412708,193.416836,3317.698008,0,44.1
,,,505,0,802,3184.929223,2293.432191,194.431658,3316.179353,0,44.1
,,,510,0,802,3186.060083,2298.42969,195.446508,3314.690508,0,44.1
,,,515,0,802,3187.257542,2303.405717,196.461408,3313.231895,0,44.2
,,,520,0,802,3188.51641,2308.36075,197.476381,3311.803861,0,44.2
,,,525,0,802,3189.831869,2313.295237,198.491446,3310.406789,0,44.2
,,,530,0,802,3191.199447,2318.209598,199.506622,3309.040919,0,44.2
,,,535,0,802,3192.614994,2323.104225,200.521927,3307.706459,0,44.2
,,,540,0,802,3194.074661,2327.979487,201.537374,3306.403615,0,44.2
,,,545,0,802,3195.574875,2332.835729,202.552979,3305.132439,0,44.3
,,,550,0,802,3197.112318,2337.673276,203.568755,3303.893061,0,44.3
,,,555,0,802,3198.683915,2342.492433,204.584714,3302.685496,0,44.3
,,,560,0,802,3200.286811,2347.293485,205.600867,3301.509791,0,44.3
,,,565,0,802,3201.918357,2352.076701,206.617224,3300.365905,0,44.3
,,,570,0,802,3203.576095,2356.842336,207.633794,3299.253814,0,44.3
,,,575,0,802,3205.257745,2361.590628,208.650585,3298.173409,0,44.3
,,,580,0,802,3206.961191,2366.321802,209.667606,3297.124578,0,44.3
,,,585,0,802,3208.684472,2371.03607,210.684864,3296.107205,0,44.4
,,,590,0,802,3210.425767,2375.733634,211.702364,3295.121175,0,44.4
,,,595,0,802,3212.183386,2380.414682,212.720112,3294.166322,0,44.4
,,,600,0,802,3213.955765,2385.079395,213.738114,3293.242457,0,44.4
,,,605,0,802,3215.741449,2389.727942,214.756374,3292.349373,0,44.4
,,,610,0,802,3217.539093,2394.360486,215.774897,3291.486867,0,44.4
,,,615,0,802,3219.347446,2398.977178,216.793686,3290.654743,0,44.4
,,,620,0,802,3221.16535,2403.578164,217.812744,3289.852763,0,44.4
,,,625,0,802,3222.991731,2408.163583,218.832075,3289.08065,0,44.4
,,,630,0,802,3224.825593,2412.733567,219.851681,3288.338212,0,44.4
,,,635,0,802,3226.666014,2417.288241,220.871565,3287.625143,0,44.5
,,,640,0,802,3228.512136,2421.827726,221.891728,3286.941201,0,44.5
,,,645,0,802,3230.363167,2426.352136,222.912172,3286.286133,0,44.5
,,,650,0,802,3232.218373,2430.861582,223.932898,3285.659622,0,44.5
,,,655,0,802,3234.077071,2435.356168,224.953908,3285.061419,0,44.5
,,,660,0,802,3235.938632,2439.835995,225.975203,3284.49119,0,44.5
,,,665,0,802,3237.802471,2444.301161,226.996784,3283.948694,0,44.5
,,,670,0,802,3239.668047,2448.751759,228.01865,3283.433655,0,44.5
,,,675,0,802,3241.534858,2453.187879,229.040803,3282.945689,0,44.5
,,,680,0,802,3243.40244,2457.609607,230.063243,3282.484583,0,44.5
,,,685,0,802,3245.270364,2462.017028,231.08597,3282.049991,0,44.5
,,,690,0,802,3247.138233,2466.410221,232.108983,3281.641661,0,44.5
,,,695,0,802,3249.005679,2470.789267,233.132283,3281.259236,0,44.5
,,,700,0,802,3250.872361,2475.15424,234.15587,3280.902453,0,44.5
,,,705,0,802,3252.737966,2479.505214,235.179742,3280.570996,0,44.5
,,,710,0,802,3254.602202,2483.84226,236.203899,3280.264543,0,44.6
,,,715,0,802,3256.464801,2488.165449,237.228342,3279.982844,0,44.6
,,,720,0,802,3258.325515,2492.474849,238.253068,3279.725519,0,44.6
,,,725,0,802,3260.184114,2496.770524,239.278078,3279.492336,0,44.6
,,,730,0,802,3262.040388,2501.05254,240.30337,3279.282983,0,44.6
,,,735,0,802,3263.894141,2505.320959,241.328943,3279.097122,0,44.6
,,,740,0,802,3265.745192,2509.575843,242.354797,3278.934485,0,44.6
,,,745,0,802,3267.593378,2513.817253,243.380931,3278.794778,0,44.6
,,,750,0,802,3269.438544,2518.045247,244.407343,3278.677704,0,44.6
,,,755,0,802,3271.28055,2522.259882,245.434033,3278.582938,0,44.6
,,,760,0,802,3273.119266,2526.461217,246.460998,3278.510255,0,44.6
,,,765,0,802,3274.954575,2530.649307,247.488238,3278.459326,0,44.6
,,,770,0,802,3276.786367,2534.824205,248.515752,3278.429845,0,44.6
,,,775,0,802,3278.614541,2538.985967,249.543538,3278.421581,0,44.6
,,,780,0,802,3280.439006,2543.134646,250.571595,3278.434175,0,44.6
,,,785,0,802,3282.259678,2547.270293,251.599922,3278.467418,0,44.6
,,,790,0,802,3284.076481,2551.39296,252.628517,3278.520998,0,44.6
,,,795,0,802,3285.889343,2555.502699,253.657379,3278.594626,0,44.6
,,,800,0,802,3287.698202,2559.599558,254.686505,3278.688066,0,44.6
,,,805,0,802,3289.502998,2563.683589,255.715896,3278.801001,0,44.6
,,,810,0,802,3291.30368,2567.754839,256.74555,3278.933216,0,44.6
,,,815,0,802,3293.100198,2571.813357,257.775464,3279.084406,0,44.6
,,,820,0,802,3294.892511,2575.859191,258.805637,3279.254304,0,44.6
,,,825,0,802,3296.680578,2579.892389,259.836069,3279.442678,0,44.6
,,,830,0,802,3298.464365,2583.912997,260.866756,3279.649234,0,44.6
,,,835,0,802,3300.24384,2587.921062,261.897699,3279.873752,0,44.6
,,,840,0,802,3302.018975,2591.916629,262.928894,3280.115936,0,44.6
,,,845,0,802,3303.789745,2595.899745,263.960342,3280.375578,0,44.6
,,,850,0,802,3305.556129,2599.870455,264.992039,3280.652417,0,44.6
,,,855,0,802,3307.318106,2603.828803,266.023985,3280.946168,0,44.6
,,,860,0,802,3309.07566,2607.774835,267.056178,3281.256659,0,44.6
,,,865,0,802,3310.828776,2611.708593,268.088617,3281.583577,0,44.6
,,,870,0,802,3312.577442,2615.630123,269.121299,3281.926738,0,44.6
,,,875,0,802,3314.321649,2619.539467,270.154223,3282.285891,0,44.6
,,,880,0,802,3316.061386,2623.436669,271.187388,3282.660774,0,44.6
,,,885,0,802,3317.796648,2627.321772,272.220792,3283.051199,0,44.6
,,,890,0,802,3319.527429,2631.194819,273.254433,3283.456903,0,44.5
,,,895,0,802,3321.253726,2635.055852,274.28831,3283.877698,0,44.5
,,,900,0,802,3322.975536,2638.904912,275.322421,3284.313332,0,44.5
,,,905,0,802,3324.692858,2642.742043,276.356765,3284.763579,0,44.5
,,,910,0,802,3326.405692,2646.567286,277.39134,3285.228249,0,44.5
,,,915,0,802,3328.114039,2650.380682,278.426144,3285.707103,0,44.5
,,,920,0,802,3329.817901,2654.182273,279.461176,3286.199952,0,44.5
,,,925,0,802,3331.517282,2657.972098,280.496434,3286.706555,0,44.5
,,,930,0,802,3333.212184,2661.750201,281.531916,3287.226746,0,44.5
,,,935,0,802,3334.902614,2665.51662,282.567622,3287.760287,0,44.5
,,,940,0,802,3336.588576,2669.271397,283.603549,3288.30696,0,44.5
,,,945,0,802,3338.270076,2673.014571,284.639696,3288.866612,0,44.5
,,,950,0,802,3339.947121,2676.746182,285.676061,3289.438991,0,44.5
,,,955,0,802,3341.619718,2680.466271,286.712642,3290.023954,0,44.5
,,,960,0,802,3343.287875,2684.174878,287.749439,3290.621286,0,44.5
,,,965,0,802,3344.951601,2687.87204,288.786449,3291.23077,0,44.5
,,,970,0,802,3346.610904,2691.557799,289.823671,3291.852251,0,44.5
,,,975,0,802,3348.265792,2695.232192,290.861103,3292.485527,0,44.5
,,,980,0,802,3349.916277,2698.89526,291.898745,3293.130417,0,44.5
,,,985,0,802,3351.562366,2702.54704,292.936593,3293.786741,0,44.5
,,,990,0,802,3353.204072,2706.187572,293.974647,3294.454321,0,44.4
,,,995,0,802,3354.841403,2709.816893,295.012905,3295.132963,0,44.4
,,,1000,0,802,3356.474371,2713.435043,296.051365,3295.822501,0,44.4
,,,1005,0,802,3358.102987,2717.042059,297.090027,3296.522768,0,44.4
,,,1010,0,802,3359.727262,2720.637979,298.128888,3297.233582,0,44.4
,,,1015,0,802,3361.347208,2724.222842,299.167946,3297.954789,0,44.4
,,,1020,0,802,3362.962835,2727.796685,300.207201,3298.686209,0,44.4
,,,1025,0,802,3364.574156,2731.359545,301.246651,3299.427661,0,44.4
,,,1030,0,802,3366.181183,2734.91146,302.286295,3300.179015,0,44.4
,,,1035,0,802,3367.783927,2738.452468,303.32613,3300.940077,0,44.4
,,,1040,0,802,3369.382402,2741.982605,304.366155,3301.710718,0,44.4
,,,1045,0,802,3370.976618,2745.501909,305.406369,3302.490757,0,44.4
,,,1050,0,802,3372.566589,2749.010416,306.446771,3303.280049,0,44.4
,,,1055,0,802,3374.152327,2752.508163,307.487358,3304.07844,0,44.4
,,,1060,0,802,3375.733845,2755.995186,308.528129,3304.885774,0,44.3
,,,1065,0,802,3377.311155,2759.471523,309.569083,3305.701894,0,44.3
,,,1070,0,802,3378.884271,2762.93721,310.610218,3306.526669,0,44.3
,,,1075,0,802,3380.453203,2766.392282,311.651534,3307.359957,0,44.3
,,,1080,0,802,3382.017967,2769.836775,312.693027,3308.2016,0,44.3
,,,1085,0,802,3383.578574,2773.270727,313.734697,3309.051455,0,44.3
,,,1090,0,802,3385.135037,2776.694172,314.776543,3309.909365,0,44.3
,,,1095,0,802,3386.68737,2780.107146,315.818563,3310.77523,0,44.3
,,,1100,0,802,3388.235584,2783.509685,316.860755,3311.648889,0,44.3
,,,1105,0,802,3389.779694,2786.901824,317.903118,3312.530214,0,44.3
,,,1110,0,802,3391.319712,2790.283598,318.94565,3313.419063,0,44.3
,,,1115,0,802,3392.855651,2793.655043,319.988351,3314.315285,0,44.3
,,,1120,0,802,3394.387525,2797.016194,321.031218,3315.218797,0,44.2
,,,1125,0,802,3395.915345,2800.367085,322.074251,3316.129438,0,44.2
,,,1130,0,802,3397.439126,2803.707752,323.117447,3317.047094,0,44.2
,,,1135,0,802,3398.958879,2807.038229,324.160806,3317.971627,0,44.2
,,,1140,0,802,3400.474619,2810.358551,325.204326,3318.902898,0,44.2
,,,1145,0,802,3401.986358,2813.668752,326.248005,3319.840826,0,44.2
,,,1150,0,802,3403.494109,2816.968866,327.291842,3320.785273,0,44.2
,,,1155,0,802,3404.997886,2820.258928,328.335836,3321.736112,0,44.2
,,,1160,0,802,3406.4977,2823.538972,329.379986,3322.693223,0,44.2
,,,1165,0,802,3407.993565,2826.809031,330.424289,3323.656475,0,44.2
,,,1170,0,802,3409.485494,2830.06914,331.468745,3324.625798,0,44.1
,,,1175,0,802,3410.973499,2833.319332,332.513352,3325.601047,0,44.1
,,,1180,0,802,3412.457594,2836.559641,333.558109,3326.582114,0,44.1
,,,1185,0,802,3413.937792,2839.7901,334.603014,3327.568873,0,44.1
,,,1190,0,802,3415.414104,2843.010744,335.648067,3328.561249,0,44.1
,,,1195,0,802,3416.886545,2846.221604,336.693265,3329.559121,0,44.1
,,,1200,0,802,3418.355126,2849.422714,337.738607,3330.562374,0,44.1
,,,1205,0,802,3419.819861,2852.614108,338.784092,3331.570902,0,44.1
,,,1210,0,802,3421.280762,2855.795817,339.829719,3332.584591,0,44.1
,,,1215,0,802,3422.737842,2858.967876,340.875486,3333.603376,0,44.1
,,,1220,0,802,3424.191113,2862.130316,341.921392,3334.627124,0,44
,,,1225,0,802,3425.640589,2865.283171,342.967435,3335.655747,0,44
,,,1230,0,802,3427.086281,2868.426472,344.013615,3336.689143,0,44
,,,1235,0,802,3428.528202,2871.560252,345.05993,3337.727197,0,44
,,,1240,0,802,3429.966364,2874.684544,346.106378,3338.769846,0,44
,,,1245,0,802,3431.400781,2877.799379,347.152959,3339.816981,0,44
,,,1250,0,802,3432.831465,2880.904789,348.19967,3340.868512,0,44
,,,1255,0,802,3434.258427,2884.000807,349.246512,3341.924333,0,44
,,,1260,0,802,3435.68168,2887.087464,350.293481,3342.984346,0,44
,,,1265,0,802,3437.101238,2890.164792,351.340578,3344.048493,0,44
,,,1270,0,802,3438.517111,2893.232823,352.3878,3345.116674,0,43.9
,,,1275,0,802,3439.929312,2896.291587,353.435147,3346.188791,0,43.9
,,,1280,0,802,3441.337853,2899.341117,354.482617,3347.264755,0,43.9
,,,1285,0,802,3442.742748,2902.381443,355.530208,3348.344476,0,43.9
,,,1290,0,802,3444.144006,2905.412597,356.577921,3349.427902,0,43.9
,,,1295,0,802,3445.541642,2908.43461,357.625753,3350.514924,0,43.9
,,,1300,0,802,3446.935666,2911.447512,358.673703,3351.605459,0,43.9
,,,1305,0,802,3448.326091,2914.451336,359.721769,3352.699436,0,43.9
,,,1310,0,802,3449.712929,2917.44611,360.769951,3353.796751,0,43.9
,,,1315,0,802,3451.096192,2920.431867,361.818248,3354.897366,0,43.8
,,,1320,0,802,3452.475891,2923.408636,362.866658,3356.001177,0,43.8
,,,1325,0,802,3453.852039,2926.376448,363.915179,3357.108106,0,43.8
,,,1330,0,802,3455.224648,2929.335333,364.963811,3358.218071,0,43.8
,,,1335,0,802,3456.593728,2932.285322,366.012552,3359.331024,0,43.8
,,,1340,0,802,3457.959293,2935.226444,367.061401,3360.446875,0,43.8
,,,1345,0,802,3459.321353,2938.158729,368.110358,3361.565546,0,43.8
,,,1350,0,802,3460.679921,2941.082209,369.159419,3362.686973,0,43.8
,,,1355,0,802,3462.035007,2943.996911,370.208586,3363.81107,0,43.8
,,,1360,0,802,3463.386624,2946.902867,371.257855,3364.937791,0,43.7
,,,1365,0,802,3464.734783,2949.800104,372.307227,3366.067052,0,43.7
,,,1370,0,802,3466.079496,2952.688655,373.356699,3367.198793,0,43.7
,,,1375,0,802,3467.420774,2955.568546,374.406271,3368.332936,0,43.7
,,,1380,0,802,3468.758628,2958.439808,375.455941,3369.469404,0,43.7
,,,1385,0,802,3470.093071,2961.30247,376.505709,3370.608161,0,43.7
,,,1390,0,802,3471.424113,2964.156562,377.555572,3371.74913,0,43.7
,,,1395,0,802,3472.751766,2967.002111,378.60553,3372.892245,0,43.7
,,,1400,0,802,3474.07604,2969.839147,379.655582,3374.037443,0,43.7
,,,1405,0,802,3475.396948,2972.667699,380.705727,3375.184648,0,43.6
,,,1410,0,802,3476.714501,2975.487796,381.755962,3376.333826,0,43.6
,,,1415,0,802,3478.028709,2978.299465,382.806288,3377.484902,0,43.6
,,,1420,0,802,3479.339584,2981.102736,383.856703,3378.637818,0,43.6
,,,1425,0,802,3480.647137,2983.897637,384.907206,3379.792516,0,43.6
,,,1430,0,802,3481.951379,2986.684196,385.957795,3380.948923,0,43.6
,,,1435,0,802,3483.252321,2989.462442,387.00847,3382.107006,0,43.6
,,,1440,0,802,3484.549974,2992.232402,388.059229,3383.2667,0,43.6
,,,1445,0,802,3485.844349,2994.994105,389.110071,3384.427945,0,43.5
,,,1450,0,802,3487.135457,2997.747579,390.160996,3385.59069,0,43.5
,,,1455,0,802,3488.423309,3000.492851,391.212001,3386.754869,0,43.5
,,,1460,0,802,3489.707915,3003.229949,392.263086,3387.920446,0,43.5
,,,1465,0,802,3490.989287,3005.958901,393.31425,3389.087361,0,43.5
,,,1470,0,802,3492.267435,3008.679734,394.365492,3390.255561,0,43.5
,,,1475,0,802,3493.54237,3011.392475,395.416809,3391.424997,0,43.5
,,,1480,0,802,3494.814103,3014.097153,396.468203,3392.595606,0,43.5
,,,1485,0,802,3496.082645,3016.793795,397.51967,3393.76736,0,43.5
,,,1490,0,802,3497.348005,3019.482427,398.571211,3394.940196,0,43.4
,,,1495,0,802,3498.610195,3022.163076,399.622823,3396.114069,0,43.4
,,,1500,0,802,3499.869225,3024.83577,400.674507,3397.288922,0,43.4
,,,1505,0,802,3501.125105,3027.500536,401.72626,3398.464724,0,43.4
,,,1510,0,802,3502.377847,3030.1574,402.778082,3399.641421,0,43.4
,,,1515,0,802,3503.627461,3032.806389,403.829972,3400.818964,0,43.4
,,,1520,0,802,3504.873956,3035.44753,404.881928,3401.997312,0,43.4
,,,1525,0,802,3506.117344,3038.080848,405.933949,3403.176409,0,43.4
,,,1530,0,802,3507.357635,3040.706372,406.986035,3404.356233,0,43.3
,,,1535,0,802,3508.594839,3043.324126,408.038185,3405.536725,0,43.3
,,,1540,0,802,3509.828966,3045.934138,409.090397,3406.717845,0,43.3
,,,1545,0,802,3511.060027,3048.536433,410.142669,3407.899552,0,43.3
,,,1550,0,802,3512.288031,3051.131037,411.195002,3409.081795,0,43.3
,,,1555,0,802,3513.51299,3053.717978,412.247395,3410.264551,0,43.3
,,,1560,0,802,3514.734912,3056.297279,413.299845,3411.447771,0,43.3
,,,1565,0,802,3515.953809,3058.868967,414.352352,3412.631416,0,43.3
,,,1570,0,802,3517.16969,3061.433069,415.404915,3413.815444,0,43.3
,,,1575,0,802,3518.382565,3063.989609,416.457533,3414.999808,0,43.2
,,,1580,0,802,3519.592445,3066.538613,417.510205,3416.184488,0,43.2
,,,1585,0,802,3520.799339,3069.080107,418.562929,3417.36944,0,43.2
,,,1590,0,802,3522.003257,3071.614115,419.615706,3418.554625,0,43.2
,,,1595,0,802,3523.20421,3074.140664,420.668533,3419.740006,0,43.2
,,,1600,0,802,3524.402206,3076.659779,421.72141,3420.925538,0,43.2
,,,1605,0,802,3525.597256,3079.171483,422.774336,3422.111203,0,43.2
,,,1610,0,802,3526.789369,3081.675804,423.827309,3423.296962,0,43.2
,,,1615,0,802,3527.978556,3084.172765,424.88033,3424.482773,0,43.1
,,,1620,0,802,3529.164826,3086.662391,425.933396,3425.668606,0,43.1
,,,1625,0,802,3530.348189,3089.144708,426.986506,3426.854421,0,43.1
,,,1630,0,802,3531.528655,3091.619739,428.03966,3428.040197,0,43.1
,,,1635,0,802,3532.706232,3094.08751,429.092857,3429.225898,0,43.1
,,,1640,0,802,3533.880931,3096.548044,430.146096,3430.41149,0,43.1
,,,1645,0,802,3535.052761,3099.001368,431.199376,3431.596935,0,43.1
,,,1650,0,802,3536.221732,3101.447504,432.252695,3432.782213,0,43.1
,,,1655,0,802,3537.387854,3103.886477,433.306053,3433.967291,0,43.1
,,,1660,0,802,3538.551135,3106.318311,434.359449,3435.152137,0,43
,,,1665,0,802,3539.711585,3108.743031,435.412881,3436.33672,0,43
,,,1670,0,802,3540.869214,3111.16066,436.466349,3437.521005,0,43
,,,1675,0,802,3542.02403,3113.571222,437.519853,3438.704978,0,43
,,,1680,0,802,3543.176045,3115.974742,438.57339,3439.888602,0,43
,,,1685,0,802,3544.325265,3118.371242,439.62696,3441.071851,0,43
,,,1690,0,802,3545.471702,3120.760747,440.680562,3442.254696,0,43
,,,1695,0,802,3546.615363,3123.143281,441.734195,3443.437104,0,43
,,,1700,0,802,3547.756259,3125.518866,442.787858,3444.619061,0,42.9
,,,1705,0,802,3548.894399,3127.887526,443.84155,3445.800535,0,42.9
,,,1710,0,802,3550.029791,3130.249286,444.895271,3446.981498,0,42.9
,,,1715,0,802,3551.162445,3132.604167,445.949019,3448.161927,0,42.9
,,,1720,0,802,3552.29237,3134.952193,447.002793,3449.341792,0,42.9
,,,1725,0,802,3553.419575,3137.293388,448.056592,3450.521077,0,42.9
,,,1730,0,802,3554.544068,3139.627774,449.110416,3451.699752,0,42.9
,,,1735,0,802,3555.66586,3141.955374,450.164263,3452.877796,0,42.9
,,,1740,0,802,3556.784959,3144.276212,451.218133,3454.055183,0,42.9
,,,1745,0,802,3557.901373,3146.590309,452.272025,3455.231885,0,42.8
,,,1750,0,802,3559.015112,3148.89769,453.325937,3456.40789,0,42.8
,,,1755,0,802,3560.126185,3151.198376,454.379869,3457.583172,0,42.8
,,,1760,0,802,3561.234601,3153.49239,455.433821,3458.757706,0,42.8
,,,1765,0,802,3562.340367,3155.779754,456.48779,3459.931472,0,42.8
,,,1770,0,802,3563.443494,3158.060492,457.541776,3461.104443,0,42.8
,,,1775,0,802,3564.543989,3160.334625,458.595779,3462.276608,0,42.8
,,,1780,0,802,3565.641862,3162.602175,459.649797,3463.447943,0,42.8
,,,1785,0,802,3566.737122,3164.863166,460.703829,3464.618424,0,42.8
,,,1790,0,802,3567.829776,3167.117619,461.757875,3465.78803,0,42.7
,,,1795,0,802,3568.919833,3169.365555,462.811933,3466.956748,0,42.7
,,,1800,0,802,3570.007303,3171.606998,463.866004,3468.124557,0,42.7
,,,1805,0,802,3571.092194,3173.841969,464.920085,3469.291435,0,42.7
,,,1810,0,802,3572.174514,3176.070489,465.974176,3470.457364,0,42.7
,,,1815,0,802,3573.254271,3178.292581,467.028276,3471.622322,0,42.7
,,,1820,0,802,3574.331475,3180.508266,468.082385,3472.786299,0,42.7
,,,1825,0,802,3575.406134,3182.717567,469.136501,3473.949272,0,42.7
,,,1830,0,802,3576.478256,3184.920503,470.190624,3475.111225,0,42.6
,,,1835,0,802,3577.547849,3187.117097,471.244752,3476.272141,0,42.6
,,,1840,0,802,3578.614922,3189.307371,472.298885,3477.431996,0,42.6
,,,1845,0,802,3579.679484,3191.491345,473.353022,3478.590786,0,42.6
,,,1850,0,802,3580.741542,3193.669041,474.407162,3479.748488,0,42.6
,,,1855,0,802,3581.801105,3195.84048,475.461305,3480.905085,0,42.6
,,,1860,0,802,3582.858181,3198.005683,476.515448,3482.060562,0,42.6
,,,1865,0,802,3583.912778,3200.164671,477.569593,3483.214901,0,42.6
,,,1870,0,802,3584.964905,3202.317465,478.623737,3484.368093,0,42.6
,,,1875,0,802,3586.01457,3204.464086,479.67788,3485.52012,0,42.5
,,,1880,0,802,3587.061781,3206.604554,480.732021,3486.670967,0,42.5
,,,1885,0,802,3588.106546,3208.738891,481.786159,3487.82062,0,42.5
,,,1890,0,802,3589.148872,3210.867118,482.840294,3488.969059,0,42.5
,,,1895,0,802,3590.188769,3212.989254,483.894424,3490.116279,0,42.5
,,,1900,0,802,3591.226245,3215.10532,484.94855,3491.262263,0,42.5
,,,1905,0,802,3592.261306,3217.215337,486.002669,3492.406996,0,42.5
,,,1910,0,802,3593.293962,3219.319325,487.056781,3493.550468,0,42.5
,,,1915,0,802,3594.32422,3221.417305,488.110885,3494.692659,0,42.5
,,,1920,0,802,3595.352087,3223.509296,489.164981,3495.833565,0,42.4
,,,1925,0,802,3596.377573,3225.595319,490.219068,3496.973169,0,42.4
,,,1930,0,802,3597.400685,3227.675394,491.273144,3498.11146,0,42.4
,,,1935,0,802,3598.42143,3229.749542,492.32721,3499.248422,0,42.4
,,,1940,0,802,3599.439817,3231.817781,493.381264,3500.384053,0,42.4
,,,1945,0,802,3600.455854,3233.880132,494.435305,3501.518327,0,42.4
,,,1950,0,802,3601.469547,3235.936615,495.489334,3502.651242,0,42.4
,,,1955,0,802,3602.480905,3237.987249,496.543348,3503.782792,0,42.4
,,,1960,0,802,3603.489936,3240.032055,497.597347,3504.912952,0,42.4
,,,1965,0,802,3604.496647,3242.071051,498.65133,3506.041727,0,42.3
,,,1970,0,802,3605.501046,3244.104258,499.705298,3507.16909,0,42.3
,,,1975,0,802,3606.50314,3246.131695,500.759247,3508.295041,0,42.3
,,,1980,0,802,3607.502938,3248.153381,501.813179,3509.419573,0,42.3
,,,1985,0,802,3608.500446,3250.169336,502.867093,3510.542665,0,42.3
,,,1990,0,802,3609.495672,3252.179579,503.920986,3511.664319,0,42.3
,,,1995,0,802,3610.488625,3254.184129,504.97486,3512.784513,0,42.3
,,,2000,0,802,3611.47931,3256.183006,506.028712,3513.903246,0,42.3
,,,2005,0,802,3612.467737,3258.176228,507.082542,3515.020512,0,42.3
,,,2010,0,802,3613.453912,3260.163815,508.13635,3516.136292,0,42.2
,,,2015,0,802,3614.437842,3262.145785,509.190135,3517.250589,0,42.2
,,,2020,0,802,3615.419535,3264.122158,510.243895,3518.363382,0,42.2
,,,2025,0,802,3616.398999,3266.092952,511.297631,3519.474668,0,42.2
,,,2030,0,802,3617.376241,3268.058187,512.351341,3520.584446,0,42.2
,,,2035,0,802,3618.351268,3270.01788,513.405025,3521.692695,0,42.2
,,,2040,0,802,3619.324087,3271.972051,514.458682,3522.79942,0,42.2
,,,2045,0,802,3620.294707,3273.920717,515.512311,3523.904601,0,42.2
,,,2050,0,802,3621.263133,3275.863899,516.565911,3525.008237,0,42.2
,,,2055,0,802,3622.229373,3277.801613,517.619482,3526.110326,0,42.2
,,,2060,0,802,3623.193435,3279.733879,518.673023,3527.210848,0,42.1
,,,2065,0,802,3624.155325,3281.660715,519.726533,3528.309809,0,42.1
,,,2070,0,802,3625.115051,3283.582139,520.780012,3529.407192,0,42.1
,,,2075,0,802,3626.07262,3285.498169,521.833459,3530.502992,0,42.1
,,,2080,0,802,3627.028039,3287.408824,522.886873,3531.597212,0,42.1
,,,2085,0,802,3627.981315,3289.314121,523.940253,3532.689833,0,42.1
,,,2090,0,802,3628.932456,3291.214079,524.993599,3533.780859,0,42.1
,,,2095,0,802,3629.881467,3293.108715,526.04691,3534.870275,0,42.1
,,,2100,0,802,3630.828357,3294.998048,527.100185,3535.958079,0,42.1
,,,2105,0,802,3631.773131,3296.882095,528.153424,3537.04427,0,42
,,,2110,0,802,3632.715798,3298.760874,529.206625,3538.128834,0,42
,,,2115,0,802,3633.656364,3300.634403,530.259789,3539.211773,0,42
,,,2120,0,802,3634.594836,3302.5027,531.312914,3540.293075,0,42
,,,2125,0,802,3635.531221,3304.365781,532.366,3541.372736,0,42
,,,2130,0,802,3636.465526,3306.223665,533.419046,3542.450759,0,42
,,,2135,0,802,3637.397757,3308.07637,534.472051,3543.527127,0,42
,,,2140,0,802,3638.327922,3309.923911,535.525015,3544.601847,0,42
,,,2145,0,802,3639.256027,3311.766308,536.577937,3545.674903,0,42
,,,2150,0,802,3640.182079,3313.603577,537.630816,3546.746297,0,42
,,,2155,0,802,3641.106084,3315.435735,538.683652,3547.816027,0,41.9
,,,2160,0,802,3642.028051,3317.2628,539.736444,3548.884081,0,41.9
,,,2165,0,802,3642.947984,3319.084788,540.789191,3549.950463,0,41.9
,,,2170,0,802,3643.865891,3320.901718,541.841892,3551.015162,0,41.9
,,,2175,0,802,3644.781779,3322.713605,542.894548,3552.078176,0,41.9
,,,2180,0,802,3645.695654,3324.520467,543.947157,3553.139507,0,41.9
,,,2185,0,802,3646.607523,3326.322321,544.999718,3554.199143,0,41.9
,,,2190,0,802,3647.517392,3328.119183,546.052231,3555.257083,0,41.9
,,,2195,0,802,3648.425268,3329.91107,547.104696,3556.31333,0,41.9
,,,2200,0,802,3649.331157,3331.698,548.157111,3557.367871,0,41.9
,,,2205,0,802,3650.235067,3333.479988,549.209476,3558.420711,0,41.8
,,,2210,0,802,3651.137003,3335.257051,550.261791,3559.471839,0,41.8
,,,2215,0,802,3652.036972,3337.029207,551.314054,3560.521256,0,41.8
,,,2220,0,802,3652.934981,3338.79647,552.366265,3561.568963,0,41.8
,,,2225,0,802,3653.831035,3340.558859,553.418423,3562.614951,0,41.8
,,,2230,0,802,3654.725142,3342.316388,554.470528,3563.659223,0,41.8
,,,2235,0,802,3655.617308,3344.069075,555.52258,3564.701769,0,41.8
,,,2240,0,802,3656.507538,3345.816936,556.574576,3565.74259,0,41.8
,,,2245,0,802,3657.395841,3347.559986,557.626518,3566.781689,0,41.8
,,,2250,0,802,3658.28222,3349.298243,558.678403,3567.819055,0,41.8
,,,2255,0,802,3659.166684,3351.031722,559.730232,3568.854694,0,41.7
,,,2260,0,802,3660.049239,3352.760439,560.782004,3569.888597,0,41.7
,,,2265,0,802,3660.92989,3354.484411,561.833718,3570.920764,0,41.7
,,,2270,0,802,3661.808644,3356.203653,562.885374,3571.951197,0,41.7
,,,2275,0,802,3662.685507,3357.918181,563.936971,3572.979888,0,41.7
,,,2280,0,643,3663.519108,3359.586634,564.947132,3574.006843,0,41.7
,,,2285,0,643,3632.814523,3361.202182,565.993187,3574.849203,0,41.7
,,,2290,0,643,3604.298819,3362.642879,567.028845,3575.344829,0,41.7
,,,2295,0,643,3577.81522,3363.921521,568.054826,3575.521675,0,41.7
,,,2300,0,643,3553.218187,3365.049988,569.071797,3575.405715,0,41.7
,,,2305,0,643,3530.372611,3366.039307,570.080378,3575.020959,0,41.6
,,,2310,0,643,3509.153067,3366.899713,571.081145,3574.389718,0,41.6
,,,2315,0,643,3489.443116,3367.640707,572.074632,3573.532645,0,41.6
,,,2320,0,643,3471.134666,3368.271108,573.061335,3572.468919,0,41.6
,,,2325,0,643,3454.127372,3368.799104,574.041714,3571.216216,0,41.6
,,,2330,0,643,3438.328079,3369.232291,575.016198,3569.791039,0,41.6
,,,2335,0,643,3423.650309,3369.577724,575.985184,3568.208585,0,41.7
,,,2340,0,643,3410.013779,3369.841949,576.949039,3566.482945,0,41.7
,,,2345,0,643,3397.343964,3370.031043,577.908107,3564.627206,0,41.7
,,,2350,0,643,3385.571675,3370.150646,578.862705,3562.653439,0,41.7
,,,2355,0,643,3374.632685,3370.205993,579.813127,3560.572878,0,41.7
,,,2360,0,643,3364.467368,3370.201944,580.759649,3558.395852,0,41.7
,,,2365,0,643,3355.020372,3370.143008,581.702523,3556.132002,0,41.7
,,,2370,0,643,3346.240311,3370.033371,582.641987,3553.790134,0,41.8
,,,2375,0,643,3338.07948,3369.876918,583.57826,3551.378519,0,41.8
,,,2380,0,643,3330.493597,3369.677255,584.511545,3548.904736,0,41.8
,,,2385,0,643,3323.441549,3369.437728,585.44203,3546.375788,0,41.8
,,,2390,0,643,3316.885171,3369.161442,586.369893,3543.798164,0,41.8
,,,2395,0,643,3310.789032,3368.85128,587.295295,3541.177876,0,41.9
,,,2400,0,643,3305.120243,3368.509917,588.218389,3538.520476,0,41.9
,,,2405,0,643,3299.848268,3368.139835,589.139313,3535.831038,0,41.9
,,,2410,0,643,3294.94476,3367.743338,590.0582,3533.114332,0,41.9
,,,2415,0,643,3290.383406,3367.322562,590.975171,3530.374665,0,42
,,,2420,0,643,3286.139775,3366.879491,591.890337,3527.616115,0,42
,,,2425,0,643,3282.191189,3366.415967,592.803803,3524.842327,0,42
,,,2430,0,643,3278.516594,3365.933696,593.715667,3522.056718,0,42
,,,2435,0,643,3275.096444,3365.434263,594.626018,3519.262501,0,42.1
,,,2440,0,643,3271.912595,3364.919139,595.534941,3516.462471,0,42.1
,,,2445,0,643,3268.948203,3364.389686,596.442512,3513.659371,0,42.1
,,,2450,0,643,3266.187628,3363.847171,597.348805,3510.855587,0,42.1
,,,2455,0,643,3263.616355,3363.292767,598.253886,3508.053391,0,42.2
,,,2460,0,643,3261.220906,3362.727564,599.157818,3505.254866,0,42.2
,,,2465,0,643,3258.988769,3362.15257,600.060659,3502.461852,0,42.2
,,,2470,0,643,3256.908329,3361.568724,600.962462,3499.676116,0,42.2
,,,2475,0,643,3254.968804,3360.976893,601.863277,3496.899228,0,42.3
,,,2480,0,643,3253.160181,3360.377883,602.763151,3494.132617,0,42.3
,,,2485,0,643,3251.473169,3359.772442,603.662127,3491.37765,0,42.3
,,,2490,0,643,3249.899139,3359.161263,604.560245,3488.635481,0,42.4
,,,2495,0,643,3248.430082,3358.544987,605.457542,3485.907245,0,42.4
,,,2500,0,643,3247.058561,3357.924211,606.354053,3483.1939,0,42.4
,,,2505,0,643,3245.777674,3357.299486,607.24981,3480.49638,0,42.4
,,,2510,0,643,3244.581011,3356.671325,608.144843,3477.81548,0,42.5
,,,2515,0,643,3243.462623,3356.0402,609.03918,3475.151936,0,42.5
,,,2520,0,643,3242.416985,3355.406553,609.932846,3472.506404,0,42.5
,,,2525,0,643,3241.438971,3354.770789,610.825866,3469.879518,0,42.5
,,,2530,0,643,3240.523818,3354.133286,611.718262,3467.271772,0,42.6
,,,2535,0,643,3239.667107,3353.494394,612.610055,3464.683624,0,42.6
,,,2540,0,643,3238.864734,3352.854435,613.501263,3462.115541,0,42.6
,,,2545,0,643,3238.112889,3352.21371,614.391906,3459.567846,0,42.6
,,,2550,0,643,3237.408036,3351.572496,615.282,3457.04088,0,42.7
,,,2555,0,643,3236.74689,3350.93105,616.17156,3454.534962,0,42.7
,,,2560,0,643,3236.126403,3350.289608,617.060601,3452.050254,0,42.7
,,,2565,0,643,3235.543744,3349.648392,617.949136,3449.587014,0,42.7
,,,2570,0,643,3234.996286,3349.007603,618.837178,3447.145395,0,42.8
,,,2575,0,643,3234.481588,3348.36743,619.724738,3444.725561,0,42.8
,,,2580,0,643,3233.997384,3347.728046,620.611828,3442.327601,0,42.8
,,,2585,0,643,3233.541572,3347.089613,621.498458,3439.951606,0,42.8
,,,2590,0,643,3233.112199,3346.452277,622.384637,3437.597641,0,42.9
,,,2595,0,643,3232.707451,3345.816177,623.270373,3435.265734,0,42.9
,,,2600,0,643,3232.325645,3345.181438,624.155676,3432.955923,0,42.9
,,,2605,0,643,3231.965218,3344.548176,625.040552,3430.668189,0,42.9
,,,2610,0,643,3231.624718,3343.916499,625.92501,3428.402542,0,43
,,,2615,0,643,3231.302797,3343.286506,626.809054,3426.158934,0,43
,,,2620,0,643,3230.998205,3342.658289,627.692693,3423.937304,0,43
,,,2625,0,643,3230.709779,3342.03193,628.575931,3421.737617,0,43
,,,2630,0,643,3230.43644,3341.407507,629.458775,3419.55979,0,43.1
,,,2635,0,643,3230.177187,3340.785091,630.341228,3417.403738,0,43.1
,,,2640,0,643,3229.931088,3340.164747,631.223297,3415.269385,0,43.1
,,,2645,0,643,3229.697279,3339.546535,632.104984,3413.156597,0,43.1
,,,2650,0,643,3229.47496,3338.930508,632.986295,3411.065286,0,43.1
,,,2655,0,643,3229.263383,3338.316718,633.867234,3408.995321,0,43.2
,,,2660,0,643,3229.061857,3337.705209,634.747804,3406.946593,0,43.2
,,,2665,0,643,3228.86974,3337.096024,635.628008,3404.918962,0,43.2
,,,2670,0,643,3228.686434,3336.4892,636.507849,3402.912304,0,43.2
,,,2675,0,643,3228.511385,3335.884773,637.387332,3400.926462,0,43.2
,,,2680,0,643,3228.344079,3335.282772,638.266458,3398.961286,0,43.3
,,,2685,0,643,3228.184036,3334.683228,639.14523,3397.016629,0,43.3
,,,2690,0,643,3228.030812,3334.086165,640.023651,3395.092349,0,43.3
,,,2695,0,643,3227.883995,3333.491607,640.901723,3393.188287,0,43.3
,,,2700,0,643,3227.743201,3332.899574,641.779448,3391.304281,0,43.4
,,,2705,0,643,3227.608073,3332.310086,642.656829,3389.44016,0,43.4
,,,2710,0,643,3227.478282,3331.723158,643.533867,3387.595763,0,43.4
,,,2715,0,643,3227.353519,3331.138805,644.410564,3385.770934,0,43.4
,,,2720,0,643,3227.233499,3330.55704,645.286923,3383.965505,0,43.4
,,,2725,0,643,3227.117955,3329.977875,646.162944,3382.179289,0,43.4
,,,2730,0,643,3227.006642,3329.401319,647.038629,3380.412142,0,43.5
,,,2735,0,643,3226.89933,3328.827381,647.91398,3378.663874,0,43.5
,,,2740,0,643,3226.795805,3328.256067,648.788998,3376.934324,0,43.5
,,,2745,0,643,3226.69587,3327.687385,649.663685,3375.223328,0,43.5
,,,2750,0,643,3226.59934,3327.121338,650.538042,3373.530698,0,43.5
,,,2755,0,643,3226.506044,3326.557931,651.41207,3371.856277,0,43.6
,,,2760,0,643,3226.415823,3325.997166,652.285771,3370.199871,0,43.6
,,,2765,0,643,3226.328528,3325.439045,653.159144,3368.561331,0,43.6
,,,2770,0,643,3226.244022,3324.88357,654.032193,3366.940495,0,43.6
,,,2775,0,643,3226.162176,3324.330741,654.904917,3365.337151,0,43.6
,,,2780,0,643,3226.082872,3323.780558,655.777317,3363.751169,0,43.6
,,,2785,0,643,3226.005998,3323.233019,656.649395,3362.182356,0,43.7
,,,2790,0,643,3225.931451,3322.688124,657.521151,3360.630568,0,43.7
,,,2795,0,643,3225.859136,3322.14587,658.392587,3359.095612,0,43.7
,,,2800,0,643,3225.788962,3321.606255,659.263703,3357.577337,0,43.7
,,,2805,0,643,3225.720846,3321.069276,660.1345,3356.075571,0,43.7
,,,2810,0,643,3225.654711,3320.534929,661.004978,3354.590142,0,43.7
,,,2815,0,643,3225.590484,3320.003211,661.875139,3353.120908,0,43.8
,,,2820,0,643,3225.528098,3319.474116,662.744984,3351.667671,0,43.8
,,,2825,0,643,3225.46749,3318.947642,663.614512,3350.2303,0,43.8
,,,2830,0,643,3225.408602,3318.423782,664.483725,3348.808629,0,43.8
,,,2835,0,643,3225.351379,3317.902531,665.352624,3347.402482,0,43.8
,,,2840,0,643,3225.29577,3317.383885,666.221209,3346.011712,0,43.8
,,,2845,0,643,3225.241728,3316.867837,667.08948,3344.636165,0,43.8
,,,2850,0,643,3225.189208,3316.354382,667.957438,3343.275683,0,43.9
,,,2855,0,643,3225.138169,3315.843513,668.825085,3341.930097,0,43.9
,,,2860,0,643,3225.088572,3315.335225,669.69242,3340.599285,0,43.9
,,,2865,0,643,3225.040381,3314.82951,670.559444,3339.283075,0,43.9
,,,2870,0,643,3224.993562,3314.326362,671.426158,3337.98131,0,43.9
,,,2875,0,643,3224.948083,3313.825774,672.292562,3336.693864,0,43.9
,,,2880,0,643,3224.903915,3313.32774,673.158657,3335.420556,0,43.9
,,,2885,0,643,3224.861031,3312.832252,674.024444,3334.16127,0,44
,,,2890,0,643,3224.819403,3312.339303,674.889922,3332.915848,0,44
,,,2895,0,643,3224.779009,3311.848886,675.755093,3331.68414,0,44
,,,2900,0,643,3224.739824,3311.360993,676.619957,3330.466019,0,44
,,,2905,0,643,3224.701828,3310.875618,677.484514,3329.261325,0,44
,,,2910,0,643,3224.664999,3310.392752,678.348765,3328.069943,0,44
,,,2915,0,643,3224.629321,3309.912389,679.21271,3326.891716,0,44
,,,2920,0,643,3224.594774,3309.434519,680.076351,3325.726506,0,44
,,,2925,0,643,3224.561341,3308.959137,680.939687,3324.574191,0,44.1
,,,2930,0,643,3224.529008,3308.486233,681.802719,3323.434622,0,44.1
,,,2935,0,643,3224.497758,3308.015801,682.665447,3322.30768,0,44.1
,,,2940,0,643,3224.467578,3307.547832,683.527872,3321.193217,0,44.1
,,,2945,0,643,3224.438455,3307.082319,684.389995,3320.09112,0,44.1
,,,2950,0,643,3224.410377,3306.619253,685.251815,3319.001256,0,44.1
,,,2955,0,643,3224.38333,3306.158627,686.113334,3317.92348,0,44.1
,,,2960,0,643,3224.357304,3305.700433,686.974551,3316.857698,0,44.1
,,,2965,0,643,3224.332288,3305.244663,687.835467,3315.803752,0,44.2
,,,2970,0,643,3224.308273,3304.791309,688.696083,3314.761542,0,44.2
,,,2975,0,643,3224.285247,3304.340364,689.556399,3313.73094,0,44.2
,,,2980,0,643,3224.263203,3303.891818,690.416416,3312.711812,0,44.2
,,,2985,0,643,3224.242132,3303.445664,691.276133,3311.704057,0,44.2
,,,2990,0,643,3224.222024,3303.001894,692.135552,3310.707541,0,44.2
,,,2995,0,643,3224.202872,3302.560501,692.994672,3309.722163,0,44.2
,,,3000,0,643,3224.184669,3302.121476,693.853495,3308.747795,0,44.2
,,,3005,0,643,3224.167407,3301.68481,694.71202,3307.784318,0,44.2
,,,3010,0,643,3224.15108,3301.250498,695.570248,3306.831633,0,44.2
,,,3015,0,643,3224.135679,3300.818529,696.428179,3305.889616,0,44.3
,,,3020,0,643,3224.1212,3300.388897,697.285815,3304.958166,0,44.3
,,,3025,0,643,3224.107635,3299.961593,698.143155,3304.037161,0,44.3
,,,3030,0,643,3224.09498,3299.536609,699.000199,3303.126511,0,44.3
,,,3035,0,643,3224.083227,3299.113938,699.856948,3302.226092,0,44.3
,,,3040,0,643,3224.072372,3298.693572,700.713403,3301.335792,0,44.3
,,,3045,0,643,3224.062408,3298.275502,701.569564,3300.455528,0,44.3
,,,3050,0,643,3224.053332,3297.859721,702.425431,3299.585171,0,44.3
,,,3055,0,643,3224.045137,3297.446221,703.281005,3298.724642,0,44.3
,,,3060,0,643,3224.037819,3297.034994,704.136286,3297.87383,0,44.3
,,,3065,0,643,3224.031373,3296.626033,704.991274,3297.032623,0,44.4
,,,3070,0,643,3224.025795,3296.219328,705.84597,3296.200936,0,44.4
,,,3075,0,643,3224.021079,3295.814874,706.700374,3295.378663,0,44.4
,,,3080,0,643,3224.017222,3295.412661,707.554488,3294.56571,0,44.4
,,,3085,0,643,3224.014219,3295.012682,708.40831,3293.76198,0,44.4
,,,3090,0,643,3224.012066,3294.61493,709.261841,3292.96738,0,44.4
,,,3095,0,643,3224.010759,3294.219396,710.115083,3292.181808,0,44.4
,,,3100,0,643,3224.010294,3293.826073,710.968034,3291.405174,0,44.4
,,,3105,0,643,3224.010667,3293.434954,711.820696,3290.637391,0,44.4
,,,3110,0,643,3224.011874,3293.04603,712.673069,3289.878361,0,44.4
,,,3115,0,643,3224.013911,3292.659294,713.525154,3289.128002,0,44.4
,,,3120,0,643,3224.016774,3292.274738,714.37695,3288.386219,0,44.4
,,,3125,0,643,3224.020461,3291.892355,715.228458,3287.652917,0,44.5
,,,3130,0,643,3224.024966,3291.512137,716.079679,3286.928022,0,44.5
,,,3135,0,643,3224.030288,3291.134077,716.930613,3286.211435,0,44.5
,,,3140,0,643,3224.036421,3290.758167,717.78126,3285.503084,0,44.5
,,,3145,0,643,3224.043364,3290.3844,718.63162,3284.802872,0,44.5
,,,3150,0,643,3224.051111,3290.012767,719.481695,3284.110723,0,44.5
,,,3155,0,643,3224.059661,3289.643262,720.331483,3283.426552,0,44.5
,,,3160,0,643,3224.069009,3289.275878,721.180987,3282.750275,0,44.5
,,,3165,0,643,3224.079153,3288.910606,722.030205,3282.081811,0,44.5
,,,3170,0,643,3224.090089,3288.547439,722.879139,3281.421085,0,44.5
,,,3175,0,643,3224.101814,3288.186371,723.727789,3280.76802,0,44.5
,,,3180,0,643,3224.114325,3287.827393,724.576155,3280.122532,0,44.5
,,,3185,0,643,3224.127618,3287.470499,725.424238,3279.484544,0,44.5
,,,3190,0,643,3224.141691,3287.115681,726.272037,3278.853972,0,44.6
,,,3195,0,643,3224.15654,3286.762931,727.119554,3278.230758,0,44.6
,,,3200,0,643,3224.172162,3286.412243,727.966788,3277.614815,0,44.6
,,,3205,0,643,3224.188555,3286.06361,728.81374,3277.006074,0,44.6
,,,3210,0,643,3224.205716,3285.717023,729.660411,3276.404458,0,44.6
,,,3215,0,643,3224.22364,3285.372477,730.5068,3275.809885,0,44.6
,,,3220,0,643,3224.242327,3285.029963,731.352908,3275.222306,0,44.6
,,,3225,0,643,3224.261771,3284.689475,732.198736,3274.641636,0,44.6
,,,3230,0,643,3224.281971,3284.351005,733.044284,3274.067809,0,44.6
,,,3235,0,643,3224.302924,3284.014547,733.889551,3273.500752,0,44.6
,,,3240,0,643,3224.324627,3283.680094,734.734539,3272.940388,0,44.6
,,,3245,0,643,3224.347076,3283.347637,735.579248,3272.38667,0,44.6
,,,3250,0,643,3224.37027,3283.017172,736.423678,3271.839522,0,44.6
,,,3255,0,643,3224.394204,3282.688689,737.267829,3271.298875,0,44.6
,,,3260,0,643,3224.418878,3282.362183,738.111702,3270.764662,0,44.6
,,,3265,0,643,3224.444286,3282.037646,738.955298,3270.236811,0,44.6
,,,3270,0,643,3224.470428,3281.715072,739.798616,3269.715279,0,44.7
,,,3275,0,643,3224.4973,3281.394454,740.641657,3269.199988,0,44.7
,,,3280,0,643,3224.524899,3281.075784,741.484421,3268.690877,0,44.7
,,,3285,0,643,3224.553223,3280.759056,742.326908,3268.187877,0,44.7
,,,3290,0,643,3224.582268,3280.444263,743.16912,3267.690943,0,44.7
,,,3295,0,643,3224.612033,3280.131399,744.011055,3267.200006,0,44.7
,,,3300,0,643,3224.642515,3279.820456,744.852715,3266.715005,0,44.7
,,,3305,0,643,3224.67371,3279.511428,745.694101,3266.235878,0,44.7
,,,3310,0,643,3224.705616,3279.204308,746.535211,3265.762563,0,44.7
,,,3315,0,643,3224.738231,3278.899089,747.376047,3265.295017,0,44.7
,,,3320,0,643,3224.771551,3278.595765,748.216609,3264.833171,0,44.7
,,,3325,0,643,3224.805575,3278.294328,749.056897,3264.37697,0,44.7
,,,3330,0,643,3224.840299,3277.994773,749.896911,3263.926358,0,44.7
,,,3335,0,643,3224.875722,3277.697093,750.736653,3263.481272,0,44.7
,,,3340,0,643,3224.911839,3277.401281,751.576121,3263.041671,0,44.7
,,,3345,0,643,3224.94865,3277.10733,752.415318,3262.607493,0,44.7
,,,3350,0,643,3224.986151,3276.815234,753.254242,3262.178689,0,44.7
,,,3355,0,643,3225.024339,3276.524987,754.092894,3261.755196,0,44.7
,,,3360,0,643,3225.063212,3276.236581,754.931275,3261.33696,0,44.7
,,,3365,0,643,3225.102768,3275.950011,755.769384,3260.923943,0,44.7
,,,3370,0,643,3225.143004,3275.66527,756.607223,3260.516089,0,44.8
,,,3375,0,643,3225.183917,3275.382351,757.444792,3260.113341,0,44.8
,,,3380,0,643,3225.225505,3275.101249,758.28209,3259.715649,0,44.8
,,,3385,0,643,3225.267766,3274.821956,759.119118,3259.32296,0,44.8
,,,3390,0,643,3225.310697,3274.544467,759.955877,3258.93524,0,44.8
,,,3395,0,643,3225.354295,3274.268774,760.792366,3258.552428,0,44.8
,,,3400,0,643,3225.398558,3273.994872,761.628587,3258.174475,0,44.8
,,,3405,0,643,3225.443483,3273.722754,762.464539,3257.801338,0,44.8
,,,3410,0,643,3225.489069,3273.452415,763.300223,3257.432959,0,44.8
,,,3415,0,643,3225.535312,3273.183847,764.135639,3257.06931,0,44.8
,,,3420,0,643,3225.58221,3272.917044,764.970787,3256.710333,0,44.8
,,,3425,0,643,3225.629761,3272.652001,765.805668,3256.355981,0,44.8
,,,3430,0,643,3225.677962,3272.388711,766.640281,3256.006207,0,44.8
,,,3435,0,643,3225.726811,3272.127168,767.474628,3255.660977,0,44.8
,,,3440,0,643,3225.776305,3271.867365,768.308709,3255.320241,0,44.8
,,,3445,0,643,3225.826443,3271.609297,769.142524,3254.983952,0,44.8
,,,3450,0,643,3225.877221,3271.352957,769.976072,3254.65207,0,44.8
,,,3455,0,643,3225.928637,3271.09834,770.809356,3254.324545,0,44.8
,,,3460,0,643,3225.98069,3270.845439,771.642374,3254.001348,0,44.8
,,,3465,0,643,3226.033376,3270.594248,772.475127,3253.682427,0,44.8
,,,3470,0,643,3226.086693,3270.344762,773.307616,3253.367747,0,44.8
,,,3475,0,643,3226.140639,3270.096973,774.13984,3253.05726,0,44.8
,,,3480,0,643,3226.195211,3269.850877,774.971801,3252.750922,0,44.8
,,,3485,0,643,3226.250408,3269.606467,775.803498,3252.448705,0,44.8
,,,3490,0,643,3226.306226,3269.363737,776.634931,3252.150565,0,44.8
,,,3495,0,643,3226.362664,3269.122682,777.466101,3251.85646,0,44.8
,,,3500,0,643,3226.419719,3268.883294,778.297009,3251.566352,0,44.9
,,,3505,0,643,3226.477389,3268.64557,779.127654,3251.280197,0,44.9
,,,3510,0,643,3226.535671,3268.409501,779.958037,3250.997969,0,44.9
,,,3515,0,643,3226.594564,3268.175084,780.788159,3250.719622,0,44.9
,,,3520,0,643,3226.654065,3267.942311,781.618018,3250.445121,0,44.9
,,,3525,0,643,3226.714172,3267.711178,782.447616,3250.17443,0,44.9
,,,3530,0,643,3226.774883,3267.481678,783.276954,3249.907504,0,44.9
,,,3535,0,643,3226.836194,3267.253805,784.10603,3249.644319,0,44.9
,,,3540,0,643,3226.898105,3267.027554,784.934847,3249.384835,0,44.9
,,,3545,0,643,3226.960613,3266.802919,785.763403,3249.129015,0,44.9
,,,3550,0,643,3227.023715,3266.579895,786.591699,3248.876826,0,44.9
,,,3555,0,643,3227.087409,3266.358475,787.419736,3248.628228,0,44.9
,,,3560,0,643,3227.151694,3266.138654,788.247514,3248.383195,0,44.9
,,,3565,0,643,3227.216566,3265.920426,789.075032,3248.141689,0,44.9
,,,3570,0,643,3227.282024,3265.703786,789.902292,3247.903676,0,44.9
,,,3575,0,643,3227.348066,3265.488728,790.729294,3247.669125,0,44.9
,,,3580,0,643,3227.41469,3265.275247,791.556037,3247.437997,0,44.9
,,,3585,0,643,3227.481892,3265.063336,792.382523,3247.210268,0,44.9
,,,3590,0,643,3227.549671,3264.85299,793.208751,3246.985903,0,44.9
,,,3595,0,643,3227.618026,3264.644205,794.034722,3246.764869,0,44.9
,,,3600,0,643,3227.686953,3264.436973,794.860436,3246.547132,0,44.9
,,,3605,0,643,3227.75645,3264.23129,795.685894,3246.332667,0,44.9
,,,3610,0,643,3227.826516,3264.027151,796.511095,3246.121441,0,44.9
,,,3615,0,643,3227.897149,3263.824549,797.336039,3245.913421,0,44.9
,,,3620,0,643,3227.968345,3263.623479,798.160728,3245.70858,0,44.9
,,,3625,0,643,3228.040104,3263.423937,798.985162,3245.506883,0,44.9
,,,3630,0,643,3228.112423,3263.225916,799.80934,3245.30831,0,44.9
,,,3635,0,643,3228.185299,3263.029411,800.633263,3245.112825,0,44.9
,,,3640,0,643,3228.258731,3262.834416,801.456931,3244.920399,0,44.9
,,,3645,0,643,3228.332717,3262.640927,802.280345,3244.731006,0,44.9
,,,3650,0,643,3228.407255,3262.448938,803.103505,3244.544613,0,44.9
,,,3655,0,643,3228.482342,3262.258444,803.926411,3244.361199,0,44.9
,,,3659,0,532,3228.508572,3262.072887,804.550319,3244.216592,0,44.9
,,,3660,0,532,3223.986936,3262.03265,804.714675,3244.175444,0,44.9
,,,3665,0,532,3202.333527,3261.758069,805.531803,3243.820393,0,44.9
,,,3670,0,532,3182.187497,3261.367998,806.341566,3243.231404,0,44.9
,,,3675,0,532,3163.441008,3260.871222,807.144459,3242.427706,0,44.9
,,,3680,0,532,3145.993952,3260.275896,807.940942,3241.427102,0,44.9
,,,3685,0,532,3129.753396,3259.589587,808.731443,3240.246103,0,44.9
,,,3690,0,532,3114.633064,3258.819319,809.516357,3238.900027,0,45
,,,3695,0,532,3100.552865,3257.971611,810.296053,3237.403015,0,45
,,,3700,0,532,3087.438446,3257.052514,811.070874,3235.768245,0,45
,,,3705,0,532,3075.220783,3256.067641,811.841136,3234.007875,0,45
,,,3710,0,532,3063.835799,3255.022202,812.607134,3232.13318,0,45
,,,3715,0,532,3053.224006,3253.921034,813.369142,3230.154615,0,45
,,,3720,0,532,3043.330181,3252.768623,814.127415,3228.08184,0,45
,,,3725,0,532,3034.103058,3251.569134,814.882188,3225.923814,0,45
,,,3730,0,532,3025.495044,3250.326428,815.63368,3223.688841,0,45.1
,,,3735,0,532,3017.461957,3249.044093,816.382096,3221.384572,0,45.1
,,,3740,0,532,3009.962779,3247.725454,817.127623,3219.018132,0,45.1
,,,3745,0,532,3002.959434,3246.373597,817.870439,3216.596076,0,45.1
,,,3750,0,532,2996.416573,3244.991387,818.610705,3214.124495,0,45.2
,,,3755,0,532,2990.301377,3243.581479,819.348574,3211.609005,0,45.2
,,,3760,0,532,2984.583384,3242.146339,820.084185,3209.05479,0,45.2
,,,3765,0,532,2979.234309,3240.688252,820.817671,3206.466673,0,45.2
,,,3770,0,532,2974.227898,3239.20934,821.549151,3203.849089,0,45.3
,,,3775,0,532,2969.539775,3237.711569,822.278739,3201.206116,0,45.3
,,,3780,0,532,2965.147311,3236.196764,823.00654,3198.541561,0,45.3
,,,3785,0,532,2961.0295,3234.666618,823.732651,3195.858888,0,45.3
,,,3790,0,532,2957.166838,3233.122699,824.457162,3193.16137,0,45.4
,,,3795,0,532,2953.541221,3231.566462,825.180157,3190.451926,0,45.4
,,,3800,0,532,2950.135839,3229.999258,825.901715,3187.73332,0,45.4
,,,3805,0,532,2946.935089,3228.422336,826.621908,3185.008082,0,45.4
,,,3810,0,532,2943.924484,3226.836858,827.340802,3182.278505,0,45.5
,,,3815,0,532,2941.090574,3225.243896,828.058462,3179.546758,0,45.5
,,,3820,0,532,2938.420875,3223.644449,828.774945,3176.814804,0,45.5
,,,3825,0,532,2935.903794,3222.039439,829.490306,3174.084425,0,45.6
,,,3830,0,532,2933.52857,3220.429722,830.204594,3171.357318,0,45.6
,,,3835,0,532,2931.285212,3218.816091,830.917856,3168.634957,0,45.6
,,,3840,0,532,2929.164446,3217.19928,831.630136,3165.918769,0,45.7
,,,3845,0,532,2927.157659,3215.579969,832.341475,3163.210027,0,45.7
,,,3850,0,532,2925.256858,3213.958788,833.051909,3160.509907,0,45.7
,,,3855,0,532,2923.45462,3212.33632,833.761475,3157.819434,0,45.7
,,,3860,0,532,2921.744053,3210.713105,834.470204,3155.139631,0,45.8
,,,3865,0,532,2920.118762,3209.089643,835.178127,3152.471354,0,45.8
,,,3870,0,532,2918.572805,3207.466396,835.885271,3149.815421,0,45.8
,,,3875,0,532,2917.100668,3205.843791,836.591664,3147.172557,0,45.9
,,,3880,0,532,2915.697231,3204.222224,837.29733,3144.543434,0,45.9
,,,3885,0,532,2914.357741,3202.602061,838.002291,3141.928621,0,45.9
,,,3890,0,532,2913.077783,3200.983639,838.706569,3139.328711,0,45.9
,,,3895,0,532,2911.853261,3199.36727,839.410182,3136.744137,0,46
,,,3900,0,532,2910.68037,3197.753243,840.113151,3134.175364,0,46
,,,3905,0,532,2909.555576,3196.141824,840.815491,3131.622773,0,46
,,,3910,0,532,2908.4756,3194.533258,841.517219,3129.086699,0,46.1
,,,3915,0,532,2907.437396,3192.927772,842.21835,3126.567453,0,46.1
,,,3920,0,532,2906.438137,3191.325575,842.918897,3124.06532,0,46.1
,,,3925,0,532,2905.475196,3189.726858,843.618874,3121.5805,0,46.1
,,,3930,0,532,2904.546137,3188.131799,844.318292,3119.113225,0,46.2
,,,3935,0,532,2903.648693,3186.540561,845.017164,3116.663662,0,46.2
,,,3940,0,532,2902.780765,3184.953293,845.715498,3114.231933,0,46.2
,,,3945,0,532,2901.940398,3183.370134,846.413306,3111.818181,0,46.3
,,,3950,0,532,2901.125781,3181.791209,847.110597,3109.422508,0,46.3
,,,3955,0,532,2900.33523,3180.216634,847.807379,3107.044992,0,46.3
,,,3960,0,532,2899.567181,3178.646515,848.503659,3104.685689,0,46.3
,,,3965,0,532,2898.820183,3177.080949,849.199447,3102.34462,0,46.4
,,,3970,0,532,2898.092887,3175.520024,849.894749,3100.021834,0,46.4
,,,3975,0,532,2897.384041,3173.963822,850.589571,3097.717323,0,46.4
,,,3980,0,532,2896.692482,3172.412417,851.28392,3095.431095,0,46.4
,,,3985,0,532,2896.01713,3170.865874,851.977801,3093.163136,0,46.5
,,,3990,0,532,2895.356981,3169.324255,852.67122,3090.913401,0,46.5
,,,3995,0,532,2894.711102,3167.787615,853.364183,3088.681855,0,46.5
,,,4000,0,532,2894.078629,3166.256002,854.056693,3086.468445,0,46.6
,,,4005,0,532,2893.458756,3164.729463,854.748756,3084.273124,0,46.6
,,,4010,0,532,2892.850738,3163.208037,855.440377,3082.095822,0,46.6
,,,4015,0,532,2892.253878,3161.691759,856.131558,3079.936465,0,46.6
,,,4020,0,532,2891.667533,3160.180662,856.822303,3077.794967,0,46.7
,,,4025,0,532,2891.091104,3158.674774,857.512618,3075.671241,0,46.7
,,,4030,0,532,2890.524032,3157.174119,858.202504,3073.565196,0,46.7
,,,4035,0,532,2889.965802,3155.67872,858.891965,3071.476729,0,46.8
,,,4040,0,532,2889.415931,3154.188594,859.581004,3069.405752,0,46.8
,,,4045,0,532,2888.873972,3152.703758,860.269624,3067.352151,0,46.8
,,,4050,0,532,2888.339511,3151.224226,860.957828,3065.315807,0,46.9
,,,4055,0,532,2887.812162,3149.750008,861.645618,3063.296612,0,46.9
,,,4060,0,532,2887.291564,3148.281114,862.332997,3061.294455,0,46.9
,,,4065,0,532,2886.777383,3146.817551,863.019968,3059.309218,0,47
,,,4070,0,532,2886.269311,3145.359323,863.706532,3057.340763,0,47
,,,4075,0,532,2885.767057,3143.906435,864.392691,3055.388999,0,47
,,,4080,0,532,2885.270354,3142.458889,865.078449,3053.453763,0,47
,,,4085,0,532,2884.77895,3141.016684,865.763806,3051.534949,0,47.1
,,,4090,0,532,2884.292615,3139.57982,866.448764,3049.632428,0,47.1
,,,4095,0,532,2883.811131,3138.148295,867.133326,3047.746064,0,47.1
,,,4100,0,532,2883.334298,3136.722106,867.817494,3045.87574,0,47.2
,,,4105,0,532,2882.861927,3135.301247,868.501268,3044.021313,0,47.2
,,,4110,0,532,2882.393845,3133.885715,869.18465,3042.182654,0,47.2
,,,4115,0,532,2881.929889,3132.475501,869.867643,3040.359639,0,47.2
,,,4120,0,532,2881.469907,3131.070601,870.550247,3038.552119,0,47.3
,,,4125,0,532,2881.013759,3129.671004,871.232464,3036.759983,0,47.3
,,,4130,0,532,2880.561313,3128.276704,871.914295,3034.983079,0,47.3
,,,4135,0,532,2880.112447,3126.88769,872.595743,3033.221293,0,47.3
,,,4140,0,532,2879.667046,3125.503953,873.276807,3031.474468,0,47.4
,,,4145,0,532,2879.225004,3124.125482,873.95749,3029.742505,0,47.4
,,,4150,0,532,2878.786222,3122.752266,874.637792,3028.025261,0,47.4
,,,4155,0,532,2878.350607,3121.384294,875.317715,3026.322584,0,47.4
,,,4160,0,532,2877.918072,3120.021554,875.99726,3024.634371,0,47.5
,,,4165,0,532,2877.488536,3118.664034,876.676429,3022.960468,0,47.5
,,,4170,0,532,2877.061925,3117.311721,877.355221,3021.30077,0,47.5
,,,4175,0,532,2876.638166,3115.964602,878.033639,3019.655128,0,47.5
,,,4180,0,532,2876.217195,3114.622663,878.711684,3018.023421,0,47.6
,,,4185,0,532,2875.798949,3113.285892,879.389356,3016.405531,0,47.6
,,,4190,0,532,2875.383371,3111.954274,880.066657,3014.801317,0,47.6
,,,4195,0,532,2874.970406,3110.627795,880.743588,3013.210663,0,47.6
,,,4200,0,532,2874.560004,3109.306441,881.420149,3011.633441,0,47.7
,,,4205,0,532,2874.152116,3107.990198,882.096342,3010.069518,0,47.7
,,,4210,0,532,2873.746699,3106.67905,882.772167,3008.518791,0,47.7
,,,4215,0,532,2873.34371,3105.372984,883.447626,3006.981106,0,47.7
,,,4220,0,532,2872.94311,3104.071983,884.122719,3005.456379,0,47.8
,,,4225,0,532,2872.544862,3102.776033,884.797448,3003.944463,0,47.8
,,,4230,0,532,2872.148931,3101.485119,885.471813,3002.445256,0,47.8
,,,4235,0,532,2871.755284,3100.199225,886.145816,3000.958635,0,47.8
,,,4240,0,532,2871.36389,3098.918336,886.819456,2999.484464,0,47.9
,,,4245,0,532,2870.97472,3097.642437,887.492736,2998.022654,0,47.9
,,,4250,0,532,2870.587746,3096.371511,888.165655,2996.573066,0,47.9
,,,4255,0,532,2870.202943,3095.105544,888.838216,2995.135596,0,47.9
,,,4260,0,532,2869.820285,3093.844519,889.510418,2993.710138,0,47.9
,,,4265,0,532,2869.43975,3092.58842,890.182262,2992.29657,0,48
,,,4270,0,532,2869.061315,3091.337233,890.85375,2990.894781,0,48
,,,4275,0,532,2868.684959,3090.090941,891.524881,2989.504662,0,48
,,,4280,0,532,2868.310662,3088.849529,892.195658,2988.126105,0,48
,,,4285,0,532,2867.938406,3087.61298,892.86608,2986.758996,0,48
,,,4290,0,532,2867.568172,3086.381278,893.536149,2985.403242,0,48.1
,,,4295,0,532,2867.199943,3085.154409,894.205866,2984.058722,0,48.1
,,,4300,0,532,2866.833703,3083.932355,894.87523,2982.725331,0,48.1
,,,4305,0,532,2866.469436,3082.715101,895.544244,2981.402978,0,48.1
,,,4310,0,532,2866.107127,3081.502631,896.212907,2980.091539,0,48.1
,,,4315,0,532,2865.746761,3080.29493,896.881221,2978.790936,0,48.2
,,,4320,0,532,2865.388325,3079.091981,897.549186,2977.501054,0,48.2
,,,4325,0,532,2865.031806,3077.893769,898.216803,2976.221786,0,48.2
,,,4330,0,532,2864.677191,3076.700277,898.884073,2974.953049,0,48.2
,,,4335,0,532,2864.324467,3075.51149,899.550997,2973.694732,0,48.2
,,,4340,0,532,2863.973623,3074.327392,900.217575,2972.446748,0,48.3
,,,4345,0,532,2863.624648,3073.147968,900.883808,2971.208994,0,48.3
,,,4350,0,532,2863.27753,3071.973201,901.549697,2969.981366,0,48.3
,,,4355,0,532,2862.932259,3070.803076,902.215243,2968.763791,0,48.3
,,,4360,0,532,2862.588824,3069.637577,902.880446,2967.556157,0,48.3
,,,4365,0,532,2862.247216,3068.476689,903.545307,2966.358384,0,48.4
,,,4370,0,532,2861.907425,3067.320396,904.209827,2965.170371,0,48.4
,,,4375,0,532,2861.569441,3066.168682,904.874006,2963.992037,0,48.4
,,,4380,0,532,2861.233255,3065.021531,905.537846,2962.823285,0,48.4
,,,4385,0,532,2860.898858,3063.878929,906.201347,2961.664022,0,48.4
,,,4390,0,532,2860.566242,3062.74086,906.864509,2960.514175,0,48.4
,,,4395,0,532,2860.235397,3061.607308,907.527334,2959.37364,0,48.5
,,,4400,0,532,2859.906317,3060.478258,908.189822,2958.242347,0,48.5
,,,4405,0,532,2859.578992,3059.353694,908.851974,2957.1202,0,48.5
,,,4410,0,532,2859.253414,3058.233602,909.51379,2956.007117,0,48.5
,,,4415,0,532,2858.929576,3057.117966,910.175272,2954.903019,0,48.5
,,,4420,0,532,2858.60747,3056.00677,910.83642,2953.807811,0,48.5
,,,4425,0,532,2858.287089,3054.9,911.497234,2952.721427,0,48.6
,,,4430,0,532,2857.968425,3053.79764,912.157716,2951.643785,0,48.6
,,,4435,0,532,2857.65147,3052.699676,912.817866,2950.574788,0,48.6
,,,4440,0,0,2857.336219,3051.606091,913.477685,2949.514375,0,48.6
,,,4445,0,0,2751.362597,3050.217076,914.119031,2947.852214,0,48.6
,,,4450,0,0,2652.721001,3048.262967,914.725463,2945.044106,0,48.6
,,,4455,0,0,2560.886829,3045.786515,915.29939,2941.18351,0,48.7
,,,4460,0,0,2475.373076,3042.827401,915.843048,2936.357275,0,48.7
,,,4465,0,0,2395.727633,3039.422455,916.358516,2930.645658,0,48.7
,,,4470,0,0,2321.530795,3035.605859,916.847722,2924.123249,0,48.7
,,,4475,0,0,2252.392932,3031.409336,917.312456,2916.859082,0,48.8
,,,4480,0,0,2187.952335,3026.86233,917.75438,2908.917261,0,48.9
,,,4485,0,0,2127.873216,3021.992167,918.17504,2900.35686,0,48.9
,,,4490,0,0,2071.843851,3016.824205,918.575868,2891.233036,0,49
,,,4495,0,0,2019.574854,3011.38198,918.958195,2881.596567,0,49.1
,,,4500,20,0,4935.008475,3005.687332,919.323258,2871.494531,0,49.3
,,,4505,0,0,4683.598046,3015.782327,920.642584,2893.550475,0,49.4
,,,4510,0,0,4449.932617,3024.462679,921.879209,2912.593571,0,49.5
,,,4515,0,0,4232.741326,3031.832117,923.038961,2928.852848,0,49.7
,,,4520,0,0,4030.844393,3037.98693,924.127256,2942.541023,0,49.8
,,,4525,0,0,3843.14659,3043.016494,925.149117,2953.855137,0,49.6
,,,4530,0,0,3668.631176,3047.003775,926.109211,2962.97821,0,49.3
,,,4535,0,0,3506.354281,3050.025783,927.011869,2970.079902,0,49
,,,4540,0,0,3355.439676,3052.154001,927.861113,2975.317732,0,48.8
,,,4545,0,0,3215.073929,3053.454782,928.660676,2978.837421,0,48.6
,,,4550,0,0,3084.501902,3053.989714,929.414024,2980.774617,0,48.5
,,,4555,0,0,2963.022575,3053.815966,930.124376,2981.254748,0,48.4
,,,4560,0,0,2849.985169,3052.986599,930.79472,2980.394185,0,48.3
,,,4565,0,0,2744.785539,3051.550865,931.42783,2978.300984,0,48.3
,,,4570,0,0,2646.862838,3049.554478,932.026281,2975.075136,0,48.2
,,,4575,0,0,2555.696412,3047.039867,932.592465,2970.809585,0,48.2
,,,4580,0,0,2470.802918,3044.046415,933.128602,2965.590205,0,48.2
,,,4585,0,0,2391.733652,3040.610672,933.636753,2959.496925,0,48.2
,,,4590,0,0,2318.072064,3036.766563,934.118833,2952.603367,0,48.3
,,,4595,0,0,2249.431456,3032.545572,934.576619,2944.978257,0,48.4
,,,4600,0,0,2185.452841,3027.976921,935.01176,2936.685004,0,48.4
,,,4605,0,0,2125.802959,3023.087729,935.42579,2927.782332,0,48.5
,,,4610,0,0,2070.17243,3017.903164,935.820131,2918.324706,0,48.6
,,,4615,0,0,2018.274045,3012.446583,936.196105,2908.362644,0,48.7
,,,4620,0,0,1969.841174,3006.739661,936.554936,2897.942915,0,48.8
,,,4625,0,0,1924.626298,3000.802513,936.897766,2887.108628,0,49
,,,4630,0,0,1882.39963,2994.653804,937.225652,2875.900025,0,49.1
,,,4635,0,0,1842.947852,2988.310854,937.539576,2864.353986,0,49.3
,,,4640,0,0,1806.07293,2981.789736,937.840449,2852.50506,0,49.4
,,,4645,0,0,1771.59102,2975.10536,938.129121,2840.384759,0,49.6
,,,4650,0,0,1739.331451,2968.271565,938.406376,2828.022468,0,49.8
,,,4655,0,0,1709.135784,2961.301186,938.672947,2815.445618,0,49.9
,,,4660,0,0,1680.856927,2954.206135,938.929511,2802.678937,0,50.1
,,,4665,0,0,1654.358333,2946.997461,939.176699,2789.745958,0,50.3
,,,4670,0,0,1629.513234,2939.685413,939.415096,2776.66789,0,50.5
,,,4675,0,0,1606.203948,2932.2795,939.645247,2763.46465,0,50.7
,,,4680,0,0,1584.32122,2924.788542,939.867655,2750.154619,0,50.9
,,,4685,0,0,1563.763628,2917.220719,940.082791,2736.754483,0,51.1
,,,4690,0,0,1544.437012,2909.583618,940.29109,2723.279965,0,51.3
,,,4695,0,0,1526.253959,2901.884275,940.492958,2709.745378,0,51.5
,,,4700,0,0,1509.133317,2894.129216,940.68877,2696.163898,0,51.7
,,,4705,0,0,1492.999751,2886.32449,940.878876,2682.547911,0,51.9
,,,4710,0,0,1477.783317,2878.475706,941.063601,2668.908459,0,52.1
,,,4715,0,0,1463.419086,2870.588067,941.243248,2655.256035,0,52.3
,,,4720,0,0,1449.846776,2862.666391,941.418095,2641.600012,0,52.5
,,,4725,0,0,1437.010426,2854.715148,941.588404,2627.94925,0,52.8
,,,4730,0,0,1424.85808,2846.738479,941.754418,2614.311696,0,53
,,,4735,0,0,1413.341505,2838.740221,941.916362,2600.694714,0,53.2
,,,4740,20,0,4366.626822,2830.723929,942.074444,2587.105034,0,53.4
,,,4745,0,0,4150.375187,2838.714696,943.199241,2606.128761,0,53.7
,,,4750,0,0,3949.36858,2845.492479,944.252901,2622.560273,0,53.9
,,,4755,0,0,3762.515246,2851.146383,945.240434,2636.59638,0,54.1
,,,4760,0,0,3588.801672,2855.759114,946.16649,2648.419869,0,54.3
,,,4765,0,0,3427.286978,2859.407449,947.035388,2658.200071,0,54.1
,,,4770,0,0,3277.097718,2862.16265,947.851134,2666.094265,0,53.8
,,,4775,0,0,3137.423038,2864.090868,948.617452,2672.248251,0,53.6
,,,4780,0,0,3007.510199,2865.253504,949.337795,2676.797399,0,53.4
,,,4785,0,0,2886.660403,2865.707551,950.015372,2679.866951,0,53.2
,,,4790,0,0,2774.224936,2865.505911,950.653161,2681.573482,0,53.1
,,,4795,0,0,2669.601572,2864.697687,951.253926,2682.024796,0,53
,,,4800,0,0,2572.231244,2863.328454,951.820235,2681.320914,0,52.9
,,,4805,0,0,2481.594949,2861.440516,952.354471,2679.554712,0,52.9
,,,4810,0,0,2397.21088,2859.073137,952.858848,2676.812139,0,52.8
,,,4815,0,0,2318.631757,2856.262759,953.335419,2673.173083,0,52.8
,,,4820,0,0,2245.442354,2853.043206,953.786093,2668.711368,0,52.8
,,,4825,0,0,2177.257201,2849.445871,954.21264,2663.495701,0,52.9
,,,4830,0,0,2113.718451,2845.499888,954.616707,2657.58938,0,52.9
,,,4835,0,0,2054.493902,2841.2323,954.999818,2651.051486,0,52.9
,,,4840,0,0,1999.275159,2836.6682,955.363393,2643.936538,0,53
,,,4845,0,0,1947.775924,2831.83088,955.708748,2636.295029,0,53.1
,,,4850,0,0,1899.730417,2826.741952,956.037106,2628.173793,0,53.2
,,,4855,0,0,1854.891904,2821.421474,956.349602,2619.616271,0,53.3
,,,4860,0,0,1813.03133,2815.888061,956.647289,2610.662681,0,53.4
,,,4865,0,0,1773.936056,2810.158983,956.931148,2601.350105,0,53.5
,,,4870,0,0,1737.408677,2804.250269,957.202086,2591.713148,0,53.7
,,,4875,0,0,1703.265935,2798.176791,957.460949,2581.783541,0,53.8
,,,4880,0,0,1671.337704,2791.952348,957.708519,2571.590998,0,53.9
,,,4885,0,0,1641.466047,2785.589745,957.945526,2561.162636,0,54.1
,,,4890,0,0,1613.504343,2779.100859,958.172645,2550.52374,0,54.3
,,,4895,0,0,1587.31648,2772.496712,958.390504,2539.697905,0,54.4
,,,4900,0,0,1562.776093,2765.78753,958.599687,2528.706424,0,54.6
,,,4905,0,0,1539.765877,2758.982796,958.800736,2517.569544,0,54.8
,,,4910,0,0,1518.176927,2752.091309,958.994153,2506.305528,0,54.9
,,,4915,0,0,1497.908142,2745.12123,959.180406,2494.931522,0,55.1
,,,4920,0,0,1478.865665,2738.08013,959.359929,2483.463351,0,55.3
,,,4921,20,0,4439.407447,2736.664014,959.395062,2481.159638,0,55.3
,,,4925,0,0,4259.258965,2743.891445,960.315004,2498.19617,0,55.5
,,,4930,0,0,4048.412836,2751.782507,961.39811,2517.040834,0,55.7
,,,4935,0,0,3852.433126,2758.490353,962.411863,2533.354705,0,55.9
,,,4940,0,0,3670.255184,2764.101874,963.361148,2547.329723,0,56.1
,,,4945,0,0,3500.890659,2768.697727,964.2505,2559.144226,0,55.9
,,,4950,0,0,3343.422031,2772.352782,965.084128,2568.963357,0,55.6
,,,4955,0,0,3196.997536,2775.136535,965.865943,2576.940502,0,55.3
,,,4960,0,0,3060.826454,2777.113494,966.599572,2583.217859,0,55.1
,,,4965,0,0,2934.174731,2778.343538,967.288385,2587.92745,0,54.9
,,,4970,0,0,2816.360921,2778.882246,967.935511,2591.191568,0,54.7
,,,4975,0,0,2706.752412,2778.781207,968.543852,2593.123689,0,54.6
,,,4980,0,0,2604.761932,2778.088306,969.116106,2593.829174,0,54.4
,,,4981,20,0,5549.440218,2777.882672,969.22645,2593.831816,0,54.4
,,,4985,0,0,5308.140896,2789.764407,970.436653,2619.686408,0,54.4
,,,4990,0,0,5025.788872,2803.071583,971.859924,2648.683107,0,54.3
,,,4995,0,0,4763.416959,2814.779124,973.190342,2674.24829,0,54.3
,,,5000,0,0,4519.594046,2825.003862,974.434474,2696.640277,0,54.3
,,,5005,0,0,4292.991587,2833.854249,975.598414,2716.09906,0,53.9
,,,5010,0,0,4082.376252,2841.430956,976.68782,2732.846938,0,53.4
,,,5015,0,0,3886.603095,2847.827432,977.707945,2747.090376,0,53
,,,5020,0,0,3704.60923,2853.130422,978.663665,2759.020806,0,52.7
,,,5025,0,0,3535.407941,2857.420444,979.559509,2768.815961,0,52.3
,,,5030,0,0,3378.08323,2860.77224,980.39968,2776.640521,0,52.1
,,,5035,0,0,3231.784741,2863.255189,981.18808,2782.647298,0,51.8
,,,5040,0,0,3095.723065,2864.933688,981.928333,2786.978176,0,51.6
,,,5045,0,0,2969.165362,2865.867513,982.623802,2789.764564,0,51.5
,,,5050,0,0,2851.431315,2866.112148,983.27761,2791.128393,0,51.3
,,,5055,0,0,2741.88936,2865.719092,983.892657,2791.182712,0,51.2
,,,5060,0,0,2639.953194,2864.736149,984.471634,2790.032418,0,51.2
,,,5065,0,0,2545.078534,2863.207688,985.017042,2787.77475,0,51.1
,,,5070,0,0,2456.760099,2861.17489,985.5312,2784.499848,0,51.1
,,,5075,0,0,2374.528821,2858.675979,986.016263,2780.291254,0,51.1
,,,5080,0,0,2297.949247,2855.746431,986.474232,2775.226477,0,51.1
,,,5085,0,0,2226.617129,2852.419174,986.906963,2769.377255,0,51.1
,,,5090,0,0,2160.157189,2848.724768,987.316182,2762.810222,0,51.2
,,,5095,0,0,2098.221042,2844.691576,987.70349,2755.587031,0,51.2
,,,5100,0,0,2040.485269,2840.345922,988.070373,2747.764697,0,51.3
,,,5105,0,0,1986.649628,2835.712234,988.418212,2739.396279,0,51.4
,,,5110,0,0,1936.435392,2830.813185,988.748288,2730.530913,0,51.5
,,,5115,0,0,1889.583807,2825.669815,989.061793,2721.213842,0,51.6
,,,5120,0,0,1845.854663,2820.301649,989.359832,2711.487188,0,51.7
,,,5125,0,0,1805.02496,2814.726805,989.64343,2701.38994,0,51.9
,,,5130,0,0,1766.887682,2808.962099,989.913541,2690.958092,0,52
,,,5135,0,0,1731.250642,2803.02313,990.17105,2680.225106,0,52.2
,,,5140,0,0,1697.935428,2796.924377,990.416779,2669.221854,0,52.3
,,,5145,0,0,1666.776411,2790.679271,990.651491,2657.976789,0,52.5
,,,5150,0,0,1637.61983,2784.300275,990.875896,2646.516465,0,52.6
,,,5155,0,0,1610.32294,2777.798952,991.090651,2634.865343,0,52.8
,,,5160,0,0,1584.753225,2771.186031,991.296368,2623.045847,0,53
,,,5165,0,0,1560.787665,2764.471462,991.493615,2611.079019,0,53.2
,,,5170,0,0,1538.312052,2757.664478,991.68292,2598.984124,0,53.4
,,,5175,0,0,1517.220362,2750.773643,991.864773,2586.778935,0,53.5
,,,5180,0,0,1497.414166,2743.8069,992.039628,2574.479929,0,53.7
,,,5185,0,0,1478.802088,2736.771617,992.207909,2562.102387,0,53.9
,,,5190,0,0,1461.299298,2729.674627,992.370008,2549.660135,0,54.1
,,,5195,0,0,1444.827042,2722.522265,992.526291,2537.166155,0,54.3
,,,5200,0,0,1429.312209,2715.320409,992.677096,2524.632487,0,54.5
,,,5205,0,0,1414.686925,2708.074506,992.822738,2512.069959,0,54.7
,,,5210,0,0,1400.888178,2700.789609,992.963511,2499.488684,0,54.9
,,,5215,0,0,1387.857468,2693.470398,993.099686,2486.897957,0,55.2
,,,5220,0,0,1375.540489,2686.121217,993.231517,2474.306394,0,55.4
,,,5225,0,0,1363.88682,2678.746087,993.359237,2461.72173,0,55.6
,,,5230,0,0,1352.849654,2671.348737,993.483066,2449.151304,0,55.8
,,,5235,0,0,1342.385536,2663.932623,993.603207,2436.601582,0,56
,,,5240,0,0,1332.454121,2656.500944,993.719847,2424.078726,0,56.2
,,,5245,0,0,1323.017956,2649.056667,993.833164,2411.588283,0,56.4
,,,5250,0,0,1314.042266,2641.602538,993.943319,2399.135229,0,56.6
,,,5255,0,0,1305.494769,2634.1411,994.050466,2386.724342,0,56.9
,,,5260,0,0,1297.345494,2626.674707,994.154744,2374.359722,0,57.1
,,,5265,0,0,1289.566614,2619.20554,994.256285,2362.045338,0,57.3
,,,5270,0,0,1282.132294,2611.735615,994.355212,2349.784537,0,57.5
,,,5275,0,0,1275.018549,2604.2668,994.451638,2337.580588,0,57.7
,,,5280,0,0,1268.203111,2596.80082,994.545669,2325.436275,0,57.9
,,,5285,0,0,1261.665304,2589.339272,994.637403,2313.354396,0,58.1
,,,5290,0,0,1255.385934,2581.883632,994.726932,2301.337132,0,58.4
,,,5295,0,0,1249.347176,2574.435265,994.814341,2289.386632,0,58.6
,,,5300,0,0,1243.532485,2566.99543,994.899711,2277.504725,0,58.8
,,,5305,0,0,1237.926496,2559.565292,994.983114,2265.693198,0,59
,,,5310,0,0,1232.514944,2552.145925,995.06462,2253.953422,0,59.2
,,,5315,0,0,1227.284583,2544.73832,995.144294,2242.286843,0,59.4
,,,5320,0,0,1222.223117,2537.343391,995.222195,2230.694561,0,59.6
,,,5325,0,0,1217.319125,2529.961982,995.298379,2219.177602,0,59.8
,,,5330,0,0,1212.562004,2522.594868,995.372899,2207.736801,0,60
,,,5335,0,0,1207.94191,2515.242765,995.445803,2196.372898,0,60.3
,,,5340,0,0,1203.4497,2507.90633,995.517136,2185.086636,0,60.5
,,,5345,0,0,1199.076884,2500.586167,995.586942,2173.878379,0,60.7
,,,5350,0,0,1194.81558,2493.282832,995.655259,2162.748726,0,60.9
,,,5355,0,0,1190.658466,2485.996834,995.722126,2151.697873,0,61.1
,,,5360,0,0,1186.598746,2478.728642,995.787576,2140.726136,0,61.3
,,,5365,0,0,1182.630106,2471.478682,995.851641,2129.833656,0,61.5
,,,5370,0,0,1178.746682,2464.247347,995.914354,2119.020537,0,61.7
,,,5375,0,0,1174.94303,2457.034993,995.97574,2108.286849,0,61.9
,,,5380,0,0,1171.214093,2449.841947,996.035829,2097.632549,0,62.1
,,,5385,0,0,1167.555174,2442.668507,996.094644,2087.057527,0,62.3
,,,5390,0,0,1163.96191,2435.514942,996.152208,2076.561659,0,62.5
,,,5395,0,0,1160.430249,2428.381496,996.208545,2066.144804,0,62.7
,,,5400,0,0,1156.956427,2421.268393,996.263674,2055.806686,0,62.9
,,,,,,,,,,,
,,,,,,,,,,,
,,,,,,,,,,,
,,,,,,,,,,,
,,,,,,,,,,,
,,,,,,,,,,,
,,,,,,,,,,,
,,,,,,,,,,,
,,,,,,,,,,,
,,,,,,,,,,,
,,,,,,,,,,,
,,,,,,,,,,,
,,,,,,,,,,,
,,,,,,,,,,,
,,,,,,,,,,,
,,,,,,,,,,,
,,,,,,,,,,,