"Time (seconds, starts at 7:05:00)","Blood concentration (Cp, mcg/ml)","Effect-site concentration (Ce, mcg/ml)",Predicted BIS,Computed BIS,AMI,SMI
0,29.64,0,93,,,
5,27.61,0.33,93,,,
10,25.71,0.63,93,,,
15,23.95,0.9,93,,,
20,22.32,1.15,93,,,
25,20.8,1.39,92.1,,,
30,19.39,1.6,89.3,,,
35,18.08,1.8,85.5,,,
40,16.86,1.97,81.3,,,
45,15.73,2.14,77,,,
50,14.68,2.29,72.9,,,
55,13.7,2.42,69.1,,,
60,12.79,2.54,65.6,,,
65,11.95,2.66,62.5,,,
70,11.17,2.76,59.8,,,
75,10.44,2.85,57.3,,,
80,9.76,2.93,55.2,,,
85,9.13,3.01,53.3,,,
90,8.54,3.07,51.6,,,
95,8,3.13,50.2,,,
100,7.5,3.18,48.9,,,
105,7.03,3.23,47.8,,,
110,6.59,3.27,46.8,,,
115,6.18,3.31,46.1,,,
120,13.22,3.34,45.5,,,
125,12.36,3.44,45,,,
130,11.56,3.54,44.5,,,
135,10.81,3.63,44.1,,,
140,10.12,3.71,43.8,,,
145,9.48,3.78,42.9,,,
150,8.89,3.84,41.9,,,
155,8.33,3.89,41.1,,,
160,7.82,3.94,40.3,,,
165,7.34,3.98,39.7,,,
170,6.89,4.02,39.2,,,
175,6.48,4.05,38.7,,,
180,6.09,4.07,38.3,,,
181,13.43,4.08,38.2,,,
185,12.86,4.16,37.9,,,
190,12.2,4.25,37.6,,,
195,11.59,4.34,37.3,,,
200,11.02,4.42,37.1,,,
205,10.48,4.49,36.6,,,
210,9.99,4.56,35.8,,,
215,9.53,4.62,35.1,,,
220,9.11,4.67,34.5,,,
225,8.71,4.72,34,,,
230,8.34,4.76,33.5,,,
235,8,4.8,33.1,,,
240,7.69,4.84,32.8,,,
245,7.39,4.87,32.4,,,
250,7.12,4.89,32.1,,,
255,6.86,4.92,31.9,,,
260,6.63,4.94,31.7,,,
265,6.41,4.96,31.5,,,
270,6.21,4.97,31.3,,,
275,6.02,4.99,31.1,,,
280,5.84,5,31,,,
285,5.68,5,30.9,,,
290,5.53,5.01,30.8,,,
295,5.39,5.02,30.7,,,
300,5.26,5.02,30.6,,,
305,5.14,5.02,30.6,,,
310,5.02,5.02,30.5,,,
315,4.92,5.02,30.5,,,
320,4.82,5.02,30.5,,,
325,4.73,5.02,30.5,,,
330,4.65,5.01,30.5,,,
335,4.57,5.01,30.5,,,
340,4.5,5,30.5,,,
345,4.43,5,30.5,,,
350,4.37,4.99,30.5,,,
355,4.31,4.98,30.5,,,
360,4.26,4.98,30.6,,,
365,4.21,4.97,30.6,,,
370,4.16,4.96,30.7,,,
375,4.12,4.95,30.7,,,
380,4.08,4.94,30.7,,,
385,4.04,4.93,30.8,,,
390,4.01,4.92,30.8,,,
395,3.98,4.91,30.9,,,
400,3.95,4.9,31,,,
405,3.92,4.89,31,,,
410,3.9,4.88,31.1,,,
415,3.88,4.86,31.2,,,
420,3.85,4.85,31.2,,,
425,3.83,4.84,31.3,,,
430,3.82,4.83,31.4,,,
435,3.8,4.82,31.4,,,
440,3.78,4.81,31.5,,,
445,3.77,4.79,31.6,,,
450,3.75,4.78,31.6,,,
455,3.74,4.77,31.7,,,
460,3.73,4.76,31.8,,,
465,3.72,4.75,31.9,,,
470,3.71,4.74,31.9,,,
475,3.7,4.72,32,,,
480,3.69,4.71,32.1,,,
485,3.69,4.7,32.2,,,
490,3.68,4.69,32.3,,,
495,3.67,4.68,32.3,,,
500,3.67,4.67,32.4,,,
505,3.66,4.65,32.5,,,
510,3.66,4.64,32.6,,,
515,3.65,4.63,32.6,,,
520,3.65,4.62,32.7,,,
525,3.64,4.61,32.8,,,
530,3.64,4.6,32.9,,,
535,3.64,4.59,32.9,,,
540,3.63,4.58,33,,,
545,3.63,4.57,33.1,,,
550,3.63,4.56,33.2,,,
555,3.63,4.54,33.2,,,
560,3.62,4.53,33.3,,,
565,3.62,4.52,33.4,,,
570,3.62,4.51,33.5,,,
575,3.62,4.5,33.5,,,
580,3.62,4.49,33.6,,,
585,3.62,4.48,33.7,,,
590,3.62,4.47,33.8,,,
595,3.62,4.46,33.8,,,
600,3.61,4.45,33.9,,,
605,3.61,4.44,34,,,
610,3.61,4.44,34,,,
615,3.61,4.43,34.1,,,
620,3.61,4.42,34.2,,,
625,3.61,4.41,34.2,,,
630,3.61,4.4,34.3,,,
635,3.61,4.39,34.4,,,
640,3.61,4.38,34.4,,,
645,3.61,4.37,34.5,,,
650,3.61,4.36,34.6,,,
655,3.61,4.35,34.6,,,
660,3.61,4.35,34.7,,,
665,3.61,4.34,34.8,,,
670,3.61,4.33,34.8,,,
675,3.61,4.32,34.9,,,
680,3.61,4.31,35,,,
685,3.62,4.31,35,,,
690,3.62,4.3,35.1,,,
695,3.62,4.29,35.1,,,
700,3.62,4.28,35.2,,,
705,3.62,4.27,35.3,,,
710,3.62,4.27,35.3,,,
715,3.62,4.26,35.4,,,
720,3.62,4.25,35.4,,,
725,3.62,4.25,35.5,,,
730,3.62,4.24,35.6,,,
735,3.62,4.23,35.6,,,
740,3.62,4.22,35.7,,,
745,3.62,4.22,35.7,,,
750,3.62,4.21,35.8,,,
755,3.62,4.2,35.8,,,
760,3.62,4.2,35.9,,,
765,3.63,4.19,35.9,,,
770,3.63,4.18,36,,,
775,3.63,4.18,36,,,
780,3.63,4.17,36.1,,,
785,3.63,4.17,36.1,,,
790,3.63,4.16,36.2,,,
795,3.63,4.15,36.2,,,
800,3.63,4.15,36.3,,,
805,3.63,4.14,36.3,,,
810,3.63,4.14,36.4,,,
815,3.63,4.13,36.4,,,
820,3.63,4.12,36.5,,,
825,3.63,4.12,36.5,,,
830,3.64,4.11,36.6,,,
835,3.64,4.11,36.6,,,
840,3.64,4.1,36.7,,,
845,3.64,4.1,36.7,,,
850,3.64,4.09,36.8,,,
855,3.64,4.09,36.8,,,
860,3.64,4.08,36.8,,,
865,3.64,4.08,36.9,,,
870,3.64,4.07,36.9,,,
875,3.64,4.07,37,,,
880,3.64,4.06,37,,,
885,3.64,4.06,37,,,
890,3.65,4.05,37.1,,,
895,3.65,4.05,37.1,,,
900,3.65,4.04,37.2,,,
902,6.61,4.04,37.2,,,
905,6.49,4.06,37.2,,,
910,6.29,4.09,37.2,,,
915,6.11,4.11,37.3,,,
920,5.95,4.13,37.3,,,
925,5.79,4.15,37.2,,,
930,5.65,4.17,37,,,
935,5.51,4.18,36.8,,,
940,5.39,4.2,36.7,,,
945,5.27,4.21,36.5,,,
950,5.16,4.22,36.3,,,
955,5.06,4.23,36.2,,,
960,4.97,4.24,36.1,,,
965,4.89,4.25,36,,,
970,4.81,4.26,35.9,,,
975,4.73,4.26,35.8,,,
980,4.66,4.27,35.8,,,
985,4.6,4.27,35.7,,,
990,4.54,4.28,35.7,,,
995,4.48,4.28,35.6,,,
1000,4.43,4.28,35.6,,,
1005,4.38,4.28,35.5,,,
1010,4.34,4.28,35.5,,,
1015,4.3,4.28,35.5,,,
1020,4.26,4.28,35.5,,,
1025,4.23,4.28,35.5,,,
1030,4.19,4.28,35.5,,,
1035,4.16,4.28,35.4,,,
1040,4.13,4.28,35.4,,,
1045,4.11,4.28,35.4,,,
1050,4.08,4.28,35.5,,,
1055,4.06,4.27,35.5,,,
1060,4.04,4.27,35.5,,,
1065,4.02,4.27,35.5,,,
1070,4,4.26,35.5,,,
1075,3.99,4.26,35.5,,,
1080,3.97,4.26,35.5,,,
1085,3.96,4.25,35.6,,,
1090,3.94,4.25,35.6,,,
1095,3.93,4.25,35.6,,,
1100,3.92,4.24,35.6,,,
1105,3.91,4.24,35.7,,,
1110,3.9,4.24,35.7,,,
1115,3.89,4.23,35.7,,,
1120,3.88,4.23,35.7,,,
1125,3.87,4.22,35.8,,,
1130,3.87,4.22,35.8,,,
1135,3.86,4.22,35.8,,,
1140,3.85,4.21,35.9,,,
1142,6.82,4.21,35.9,,,
1145,6.69,4.23,35.9,,,
1150,6.49,4.26,35.9,,,
1155,6.3,4.28,35.9,,,
1160,6.13,4.3,36,,,
1165,5.97,4.32,35.9,,,
1170,5.82,4.34,35.7,,,
1175,5.68,4.36,35.5,,,
1180,5.55,4.37,35.3,,,
1185,5.43,4.38,35.2,,,
1190,5.32,4.39,35.1,,,
1195,5.22,4.4,34.9,,,
1200,5.12,4.41,34.8,,,
1205,5.04,4.42,34.7,,,
1210,4.95,4.43,34.6,,,
1215,4.88,4.43,34.6,,,
1220,4.8,4.44,34.5,,,
1225,4.74,4.44,34.4,,,
1230,4.68,4.44,34.4,,,
1235,4.62,4.45,34.4,,,
1240,4.57,4.45,34.3,,,
1245,4.52,4.45,34.3,,,
1250,4.47,4.45,34.3,,,
1255,4.43,4.45,34.3,,,
1260,4.39,4.45,34.2,,,
1265,4.35,4.45,34.2,,,
1270,4.32,4.45,34.2,,,
1275,4.29,4.45,34.2,,,
1280,4.26,4.44,34.2,,,
1285,4.23,4.44,34.2,,,
1290,4.21,4.44,34.2,,,
1295,4.18,4.44,34.3,,,
1300,4.16,4.43,34.3,,,
1305,4.14,4.43,34.3,,,
1310,4.12,4.43,34.3,,,
1315,4.1,4.42,34.3,,,
1320,7.05,4.42,34.3,,,
1325,6.83,4.45,34.4,,,
1330,6.63,4.47,34.4,,,
1335,6.44,4.5,34.4,,,
1340,6.27,4.52,34.4,,,
1345,6.1,4.54,34.3,,,
1350,5.95,4.55,34.1,,,
1355,5.81,4.57,33.9,,,
1360,5.68,4.58,33.8,,,
1365,5.56,4.59,33.6,,,
1370,5.44,4.6,33.5,,,
1375,5.34,4.61,33.4,,,
1380,5.24,4.62,33.3,,,
1381,8.19,4.62,33.3,,,
1385,7.95,4.65,33.2,,,
1390,7.68,4.69,33.2,,,
1395,7.42,4.72,33.1,,,
1400,7.18,4.75,33,,,
1405,6.96,4.78,32.9,,,
1410,6.75,4.8,32.6,,,
1415,6.56,4.82,32.4,,,
1420,6.38,4.84,32.2,,,
1425,6.22,4.86,32,,,
1430,6.07,4.87,31.9,,,
1435,5.92,4.89,31.7,,,
1440,5.79,4.9,31.6,,,
1445,5.67,4.91,31.5,,,
1450,5.55,4.91,31.4,,,
1455,5.45,4.92,31.3,,,
1460,5.35,4.93,31.3,,,
1465,5.26,4.93,31.2,,,
1470,5.17,4.93,31.1,,,
1475,5.09,4.94,31.1,,,
1480,5.02,4.94,31.1,,,
1485,4.95,4.94,31,,,
1490,4.89,4.94,31,,,
1495,4.83,4.94,31,,,
1500,4.77,4.94,31,,,
1505,4.72,4.93,31,,,
1510,4.67,4.93,31,,,
1515,4.63,4.93,31,,,
1520,4.59,4.92,31,,,
1525,4.55,4.92,31,,,
1530,4.51,4.92,31,,,
1535,4.48,4.91,31,,,
1540,4.45,4.91,31.1,,,
1545,4.42,4.9,31.1,,,
1550,4.4,4.89,31.1,,,
1555,4.37,4.89,31.1,,,
1560,4.35,4.88,31.2,,,
1565,4.33,4.88,31.2,,,
1570,4.31,4.87,31.2,,,
1575,4.29,4.86,31.3,,,
1580,4.27,4.86,31.3,,,
1585,4.26,4.85,31.4,,,
1590,4.24,4.84,31.4,,,
1595,4.23,4.84,31.4,,,
1600,4.21,4.83,31.5,,,
1605,4.2,4.82,31.5,,,
1610,4.19,4.82,31.6,,,
1615,4.18,4.81,31.6,,,
1620,4.17,4.8,31.7,,,
1625,4.16,4.79,31.7,,,
1630,4.15,4.79,31.7,,,
1635,4.15,4.78,31.8,,,
1640,4.14,4.77,31.8,,,
1645,4.13,4.76,31.9,,,
1650,4.13,4.76,31.9,,,
1655,4.12,4.75,32,,,
1660,4.11,4.74,32,,,
1665,4.11,4.74,32.1,,,
1670,4.1,4.73,32.1,,,
1675,4.1,4.72,32.2,,,
1680,4.1,4.71,32.2,,,
1685,4.09,4.71,32.3,,,
1690,4.09,4.7,32.3,,,
1695,4.08,4.69,32.4,,,
1700,4.08,4.69,32.4,,,
1705,4.08,4.68,32.4,,,
1710,4.08,4.67,32.5,,,
1715,4.07,4.67,32.5,,,
1720,4.07,4.66,32.6,,,
1725,4.07,4.65,32.6,,,
1730,4.07,4.65,32.7,,,
1735,4.06,4.64,32.7,,,
1740,4.06,4.63,32.8,,,
1745,4.06,4.63,32.8,,,
1750,4.06,4.62,32.9,,,
1755,4.06,4.61,32.9,,,
1760,4.06,4.61,32.9,,,
1765,4.05,4.6,33,,,
1770,4.05,4.59,33,,,
1775,4.05,4.59,33.1,,,
1780,4.05,4.58,33.1,,,
1785,4.05,4.58,33.2,,,
1790,4.05,4.57,33.2,,,
1795,4.05,4.56,33.2,,,
1800,4.05,4.56,33.3,,,
1805,4.05,4.55,33.3,,,
1810,4.05,4.55,33.4,,,
1815,4.04,4.54,33.4,,,
1820,4.04,4.53,33.5,,,
1825,4.04,4.53,33.5,,,
1830,4.04,4.52,33.5,,,
1835,4.04,4.52,33.6,,,
1840,4.04,4.51,33.6,,,
1845,4.04,4.51,33.7,,,
1850,4.04,4.5,33.7,,,
1855,4.04,4.5,33.7,,,
1860,4.04,4.49,33.8,,,
1865,4.04,4.49,33.8,,,
1870,4.04,4.48,33.8,,,
1875,4.04,4.48,33.9,,,
1880,4.04,4.47,33.9,,,
1885,4.04,4.47,34,,,
1890,4.04,4.46,34,,,
1895,4.04,4.46,34,,,
1900,4.04,4.45,34.1,,,
1905,4.04,4.45,34.1,,,
1910,4.04,4.44,34.1,,,
1915,4.04,4.44,34.2,,,
1920,4.04,4.43,34.2,,,
1925,4.03,4.43,34.2,,,
1930,4.03,4.42,34.3,,,
1935,4.03,4.42,34.3,,,
1940,4.03,4.42,34.3,,,
1945,4.03,4.41,34.4,,,
1950,4.03,4.41,34.4,,,
1955,4.03,4.4,34.4,,,
1960,4.03,4.4,34.5,,,
1965,4.03,4.39,34.5,,,
1970,4.03,4.39,34.5,,,
1975,4.03,4.39,34.6,,,
1980,4.03,4.38,34.6,,,
1985,4.03,4.38,34.6,,,
1990,4.03,4.37,34.6,,,
1995,4.03,4.37,34.7,,,
2000,4.03,4.37,34.7,,,
2005,4.03,4.36,34.7,,,
2010,4.03,4.36,34.8,,,
2015,4.03,4.36,34.8,,,
2020,4.03,4.35,34.8,,,
2025,4.03,4.35,34.8,,,
2030,4.03,4.34,34.9,,,
2035,4.03,4.34,34.9,,,
2040,4.03,4.34,34.9,,,
2045,4.03,4.33,35,,,
2050,4.03,4.33,35,,,
2055,4.03,4.33,35,,,
2060,4.03,4.32,35,,,
2065,4.03,4.32,35.1,,,
2070,4.03,4.32,35.1,,,
2075,4.03,4.31,35.1,,,
2080,4.03,4.31,35.1,,,
2085,4.03,4.31,35.2,,,
2090,4.03,4.3,35.2,,,
2095,4.03,4.3,35.2,,,
2100,4.03,4.3,35.2,,,
2105,4.03,4.29,35.3,,,
2110,4.03,4.29,35.3,,,
2115,4.03,4.29,35.3,,,
2120,4.03,4.29,35.3,,,
2125,4.03,4.28,35.4,,,
2130,4.03,4.28,35.4,,,
2135,4.03,4.28,35.4,,,
2140,4.03,4.27,35.4,,,
2145,4.03,4.27,35.4,,,
2150,4.03,4.27,35.5,,,
2155,4.03,4.27,35.5,,,
2160,4.03,4.26,35.5,,,
2165,4.03,4.26,35.5,,,
2170,4.03,4.26,35.6,,,
2175,4.03,4.25,35.6,,,
2180,4.03,4.25,35.6,,,
2185,4.03,4.25,35.6,,,
2190,4.03,4.25,35.6,,,
2195,4.03,4.24,35.7,,,
2200,4.03,4.24,35.7,,,
2205,4.03,4.24,35.7,,,
2210,4.03,4.24,35.7,,,
2215,4.03,4.23,35.7,,,
2220,4.03,4.23,35.8,,,
2225,4.03,4.23,35.8,,,
2230,4.03,4.23,35.8,,,
2235,4.03,4.23,35.8,,,
2240,4.03,4.22,35.8,,,
2245,4.03,4.22,35.8,,,
2250,4.03,4.22,35.9,,,
2255,4.02,4.22,35.9,,,
2260,4.02,4.21,35.9,,,
2265,4.02,4.21,35.9,,,
2270,4.02,4.21,35.9,,,
2275,4.02,4.21,35.9,,,
2280,4.02,4.21,36,,,
2282,4.02,4.2,36,,,
2285,4.01,4.2,36,,,
2290,3.97,4.2,36,,,
2295,3.95,4.2,36,,,
2300,3.92,4.2,36,,,
2305,3.89,4.19,36,,,
2310,3.87,4.19,36.1,,,
2315,3.85,4.18,36.1,,,
2320,3.83,4.18,36.1,,,
2325,3.81,4.18,36.1,,,
2330,3.79,4.17,36.2,,,
2335,3.78,4.17,36.2,,,
2340,3.76,4.16,36.2,,,
2345,3.75,4.16,36.3,,,
2350,3.73,4.15,36.3,,,
2355,3.72,4.15,36.3,,,
2360,3.71,4.14,36.4,,,
2365,3.7,4.14,36.4,,,
2370,3.69,4.13,36.4,,,
2375,3.68,4.13,36.5,,,
2380,3.67,4.12,36.5,,,
2385,3.66,4.12,36.5,,,
2390,3.65,4.11,36.6,,,
2395,3.65,4.11,36.6,,,
2400,3.64,4.1,36.7,,,
2405,3.63,4.1,36.7,,,
2410,3.63,4.09,36.7,,,
2415,3.62,4.09,36.8,,,
2420,3.62,4.08,36.8,,,
2425,3.61,4.08,36.9,,,
2430,3.61,4.07,36.9,,,
2435,3.6,4.07,37,,,
2440,3.6,4.06,37,,,
2445,3.59,4.05,37,,,
2450,3.59,4.05,37.1,,,
2455,3.59,4.04,37.1,,,
2460,3.58,4.04,37.2,,,
2465,3.58,4.03,37.2,,,
2470,3.58,4.03,37.3,,,
2475,3.57,4.02,37.3,,,
2480,3.57,4.02,37.3,,,
2485,3.57,4.01,37.4,,,
2490,3.56,4.01,37.4,,,
2495,3.56,4,37.5,,,
2500,3.56,4,37.5,,,
2505,3.56,3.99,37.6,,,
2510,3.56,3.99,37.6,,,
2515,3.55,3.98,37.6,,,
2520,3.55,3.98,37.7,,,
2525,3.55,3.97,37.7,,,
2530,3.55,3.97,37.8,,,
2535,3.55,3.96,37.8,,,
2540,3.54,3.96,37.8,,,
2545,3.54,3.95,37.9,,,
2550,3.54,3.95,37.9,,,
2555,3.54,3.94,38,,,
2560,3.54,3.94,38,,,
2565,3.54,3.94,38,,,
2570,3.54,3.93,38.1,,,
2575,3.53,3.93,38.1,,,
2580,3.53,3.92,38.2,,,
2585,3.53,3.92,38.2,,,
2590,3.53,3.91,38.2,,,
2595,3.53,3.91,38.3,,,
2600,3.53,3.9,38.3,,,
2605,3.53,3.9,38.4,,,
2610,3.53,3.9,38.4,,,
2615,3.52,3.89,38.4,,,
2620,3.52,3.89,38.5,,,
2625,3.52,3.88,38.5,,,
2630,3.52,3.88,38.5,,,
2635,3.52,3.88,38.6,,,
2640,3.52,3.87,38.6,,,
2645,3.52,3.87,38.6,,,
2650,3.52,3.86,38.7,,,
2655,3.52,3.86,38.7,,,
2660,3.52,3.86,38.8,,,
2665,3.51,3.85,38.8,,,
2670,3.51,3.85,38.8,,,
2675,3.51,3.84,38.9,,,
2680,3.51,3.84,38.9,,,
2685,3.51,3.84,38.9,,,
2690,3.51,3.83,39,,,
2695,3.51,3.83,39,,,
2700,3.51,3.83,39,,,
2705,3.51,3.82,39.1,,,
2710,3.51,3.82,39.1,,,
2715,3.51,3.81,39.1,,,
2720,3.5,3.81,39.1,,,
2725,3.5,3.81,39.2,,,
2730,3.5,3.8,39.2,,,
2735,3.5,3.8,39.2,,,
2740,3.5,3.8,39.3,,,
2745,3.5,3.79,39.3,,,
2750,3.5,3.79,39.3,,,
2755,3.5,3.79,39.4,,,
2760,3.5,3.78,39.4,,,
2765,3.5,3.78,39.4,,,
2770,3.5,3.78,39.5,,,
2775,3.5,3.77,39.5,,,
2780,3.49,3.77,39.5,,,
2785,3.49,3.77,39.5,,,
2790,3.49,3.76,39.6,,,
2795,3.49,3.76,39.6,,,
2800,3.49,3.76,39.6,,,
2805,3.49,3.76,39.7,,,
2810,3.49,3.75,39.7,,,
2815,3.49,3.75,39.7,,,
2820,3.49,3.75,39.7,,,
2825,3.49,3.74,39.8,,,
2830,3.49,3.74,39.8,,,
2835,3.49,3.74,39.8,,,
2840,3.49,3.73,39.8,,,
2845,3.48,3.73,39.9,,,
2850,3.48,3.73,39.9,,,
2855,3.48,3.73,39.9,,,
2860,3.48,3.72,39.9,,,
2865,3.48,3.72,40,,,
2870,3.48,3.72,40,,,
2875,3.48,3.72,40,,,
2880,3.48,3.71,40.1,,,
2885,3.48,3.71,40.1,,,
2890,3.48,3.71,40.1,,,
2895,3.48,3.7,40.1,,,
2900,3.48,3.7,40.1,,,
2905,3.48,3.7,40.2,,,
2910,3.48,3.7,40.2,,,
2915,3.48,3.69,40.2,,,
2920,3.47,3.69,40.2,,,
2925,3.47,3.69,40.3,,,
2930,3.47,3.69,40.3,,,
2935,3.47,3.68,40.3,,,
2940,3.47,3.68,40.3,,,
2945,3.47,3.68,40.4,,,
2950,3.47,3.68,40.4,,,
2955,3.47,3.68,40.4,,,
2960,3.47,3.67,40.4,,,
2965,3.47,3.67,40.4,,,
2970,3.47,3.67,40.5,,,
2975,3.47,3.67,40.5,,,
2980,3.47,3.66,40.5,,,
2985,3.47,3.66,40.5,,,
2990,3.47,3.66,40.6,,,
2995,3.46,3.66,40.6,,,
3000,3.46,3.65,40.6,,,
3005,3.46,3.65,40.6,,,
3010,3.46,3.65,40.6,,,
3015,3.46,3.65,40.7,,,
3020,3.46,3.65,40.7,,,
3025,3.46,3.64,40.7,,,
3030,3.46,3.64,40.7,,,
3035,3.46,3.64,40.7,,,
3040,3.46,3.64,40.8,,,
3045,3.46,3.64,40.8,,,
3050,3.46,3.63,40.8,,,
3055,3.46,3.63,40.8,,,
3060,3.46,3.63,40.8,,,
3065,3.46,3.63,40.9,,,
3070,3.46,3.63,40.9,,,
3075,3.46,3.62,40.9,,,
3080,3.45,3.62,40.9,,,
3085,3.45,3.62,40.9,,,
3090,3.45,3.62,40.9,,,
3095,3.45,3.62,41,,,
3100,3.45,3.61,41,,,
3105,3.45,3.61,41,,,
3110,3.45,3.61,41,,,
3115,3.45,3.61,41,,,
3120,3.45,3.61,41.1,,,
3125,3.45,3.61,41.1,,,
3130,3.45,3.6,41.1,,,
3135,3.45,3.6,41.1,,,
3140,3.45,3.6,41.1,,,
3145,3.45,3.6,41.1,,,
3150,3.45,3.6,41.2,,,
3155,3.45,3.59,41.2,,,
3160,3.45,3.59,41.2,,,
3165,3.45,3.59,41.2,,,
3170,3.44,3.59,41.2,,,
3175,3.44,3.59,41.2,,,
3180,3.44,3.59,41.3,,,
3185,3.44,3.58,41.3,,,
3190,3.44,3.58,41.3,,,
3195,3.44,3.58,41.3,,,
3200,3.44,3.58,41.3,,,
3205,3.44,3.58,41.3,,,
3210,3.44,3.58,41.3,,,
3215,3.44,3.58,41.4,,,
3220,3.44,3.57,41.4,,,
3225,3.44,3.57,41.4,,,
3230,3.44,3.57,41.4,,,
3235,3.44,3.57,41.4,,,
3240,3.44,3.57,41.4,,,
3245,3.44,3.57,41.4,,,
3250,3.44,3.56,41.5,,,
3255,3.44,3.56,41.5,,,
3260,3.44,3.56,41.5,,,
3265,3.44,3.56,41.5,,,
3270,3.43,3.56,41.5,,,
3275,3.43,3.56,41.5,,,
3280,3.43,3.56,41.5,,,
3285,3.43,3.55,41.6,,,
3290,3.43,3.55,41.6,,,
3295,3.43,3.55,41.6,,,
3300,3.43,3.55,41.6,,,
3305,3.43,3.55,41.6,,,
3310,3.43,3.55,41.6,,,
3315,3.43,3.55,41.6,,,
3320,3.43,3.55,41.7,,,
3325,3.43,3.54,41.7,,,
3330,3.43,3.54,41.7,,,
3335,3.43,3.54,41.7,,,
3340,3.43,3.54,41.7,,,
3345,3.43,3.54,41.7,,,
3350,3.43,3.54,41.7,,,
3355,3.43,3.54,41.7,,,
3360,3.43,3.54,41.8,,,
3365,3.43,3.53,41.8,,,
3370,3.43,3.53,41.8,,,
3375,3.43,3.53,41.8,,,
3380,3.42,3.53,41.8,,,
3385,3.42,3.53,41.8,,,
3390,3.42,3.53,41.8,,,
3395,3.42,3.53,41.8,,,
3400,3.42,3.53,41.9,,,
3405,3.42,3.52,41.9,,,
3410,3.42,3.52,41.9,,,
3415,3.42,3.52,41.9,,,
3420,3.42,3.52,41.9,,,
3425,3.42,3.52,41.9,,,
3430,3.42,3.52,41.9,,,
3435,3.42,3.52,41.9,,,
3440,3.42,3.52,41.9,,,
3445,3.42,3.52,42,,,
3450,3.42,3.51,42,,,
3455,3.42,3.51,42,,,
3460,3.42,3.51,42,,,
3465,3.42,3.51,42,,,
3470,3.42,3.51,42,,,
3475,3.42,3.51,42,,,
3480,3.42,3.51,42,,,
3485,3.42,3.51,42,,,
3490,3.42,3.51,42,,,
3495,3.42,3.5,42.1,,,
3500,3.42,3.5,42.1,,,
3505,3.41,3.5,42.1,,,
3510,3.41,3.5,42.1,,,
3515,3.41,3.5,42.1,,,
3520,3.41,3.5,42.1,,,
3525,3.41,3.5,42.1,,,
3530,3.41,3.5,42.1,,,
3535,3.41,3.5,42.1,,,
3540,3.41,3.5,42.1,,,
3545,3.41,3.49,42.2,,,
3550,3.41,3.49,42.2,,,
3555,3.41,3.49,42.2,,,
3560,3.41,3.49,42.2,,,
3565,3.41,3.49,42.2,,,
3570,3.41,3.49,42.2,,,
3575,3.41,3.49,42.2,,,
3580,3.41,3.49,42.2,,,
3585,3.41,3.49,42.2,,,
3590,3.41,3.49,42.2,,,
3595,3.41,3.49,42.2,,,
3600,3.41,3.48,42.3,,,
3605,3.41,3.48,42.3,,,
3610,3.41,3.48,42.3,,,
3615,3.41,3.48,42.3,,,
3620,3.41,3.48,42.3,,,
3625,3.41,3.48,42.3,,,
3630,3.41,3.48,42.3,,,
3635,3.41,3.48,42.3,,,
3640,3.41,3.48,42.3,,,
3645,3.41,3.48,42.3,,,
3650,3.4,3.48,42.3,,,
3655,3.4,3.48,42.3,,,
3660,3.4,3.47,42.4,,,
3662,3.4,3.47,42.4,,,
3665,3.33,3.47,42.4,,,
3670,3.2,3.47,42.4,,,
3675,3.09,3.47,42.4,,,
3680,2.99,3.46,42.4,,,
3685,2.89,3.46,42.4,,,
3690,2.79,3.45,42.4,,,
3695,2.71,3.44,42.5,,,
3700,2.63,3.43,42.5,,,
3705,2.55,3.42,42.6,,,
3710,2.48,3.41,42.6,,,
3715,2.42,3.4,42.7,,,
3720,2.36,3.39,42.8,,,
3725,2.3,3.38,42.9,,,
3730,2.25,3.37,43,,,
3735,2.2,3.35,43.1,,,
3740,2.15,3.34,43.2,,,
3745,2.11,3.33,43.3,,,
3750,2.07,3.31,43.4,,,
3755,2.03,3.3,43.6,,,
3760,2,3.28,43.7,,,
3765,1.96,3.27,43.9,,,
3770,1.93,3.25,44,,,
3775,1.9,3.24,44.1,,,
3780,1.87,3.22,44.3,,,
3785,1.85,3.21,44.4,,,
3790,1.82,3.19,44.6,,,
3795,1.8,3.18,44.8,,,
3800,1.78,3.16,44.9,,,
3805,1.76,3.14,45.1,,,
3810,1.74,3.13,45.3,,,
3815,1.72,3.11,45.4,,,
3820,1.71,3.1,45.6,,,
3825,1.69,3.08,45.8,,,
3830,1.67,3.06,45.9,,,
3835,1.66,3.05,46.1,,,
3840,1.65,3.03,46.3,,,
3845,1.63,3.02,46.5,,,
3850,1.62,3,46.7,,,
3855,1.61,2.98,46.9,,,
3860,1.6,2.97,47.1,,,
3865,1.59,2.95,47.4,,,
3870,1.58,2.94,47.6,,,
3875,1.57,2.92,47.8,,,
3880,1.56,2.91,48.1,,,
3885,1.55,2.89,48.3,,,
3890,1.54,2.88,48.5,,,
3895,1.53,2.86,48.8,,,
3900,1.52,2.85,49,,,
3905,1.52,2.83,49.2,,,
3910,1.51,2.82,49.5,,,
3915,1.5,2.8,49.7,,,
3920,1.49,2.79,49.9,,,
3925,1.49,2.77,50.2,,,
3930,1.48,2.76,50.4,,,
3935,1.48,2.74,50.6,,,
3940,1.47,2.73,50.9,,,
3945,1.46,2.71,51.1,,,
3950,1.46,2.7,51.3,,,
3955,1.45,2.68,51.5,,,
3960,1.45,2.67,51.8,,,
3965,1.44,2.66,52,,,
3970,1.44,2.64,52.2,,,
3975,1.43,2.63,52.5,,,
3980,1.43,2.61,52.7,,,
3985,1.42,2.6,52.9,,,
3990,1.42,2.59,53.1,,,
3995,1.41,2.57,53.4,,,
4000,1.41,2.56,53.6,,,
4005,1.4,2.55,53.8,,,
4010,1.4,2.53,54,,,
4015,1.39,2.52,54.3,,,
4020,1.39,2.51,54.5,,,
4025,1.39,2.5,54.7,,,
4030,1.38,2.48,54.9,,,
4035,1.38,2.47,55.1,,,
4040,1.37,2.46,55.4,,,
4045,1.37,2.45,55.6,,,
4050,1.36,2.43,55.8,,,
4055,1.36,2.42,56,,,
4060,1.36,2.41,56.2,,,
4065,1.35,2.4,56.4,,,
4070,1.35,2.39,56.6,,,
4075,1.35,2.37,56.8,,,
4080,1.34,2.36,57.1,,,
4085,1.34,2.35,57.3,,,
4090,1.33,2.34,57.5,,,
4095,1.33,2.33,57.7,,,
4100,1.33,2.32,57.9,,,
4105,1.32,2.3,58.1,,,
4110,1.32,2.29,58.3,,,
4115,1.32,2.28,58.5,,,
4120,1.31,2.27,58.7,,,
4125,1.31,2.26,58.9,,,
4130,1.31,2.25,59.1,,,
4135,1.3,2.24,59.3,,,
4140,1.3,2.23,59.5,,,
4145,1.29,2.22,59.7,,,
4150,1.29,2.21,59.9,,,
4155,1.29,2.2,60.1,,,
4160,1.28,2.19,60.3,,,
4165,1.28,2.18,60.5,,,
4170,1.28,2.17,60.6,,,
4175,1.27,2.16,60.8,,,
4180,1.27,2.15,61,,,
4185,1.27,2.14,61.2,,,
4190,1.26,2.13,61.4,,,
4195,1.26,2.12,61.6,,,
4200,1.26,2.11,61.8,,,
4205,1.25,2.1,61.9,,,
4210,1.25,2.09,62.1,,,
4215,1.25,2.08,62.3,,,
4220,1.25,2.07,62.5,,,
4225,1.24,2.06,62.7,,,
4230,1.24,2.05,62.8,,,
4235,1.24,2.04,63,,,
4240,1.23,2.03,63.2,,,
4245,1.23,2.02,63.4,,,
4250,1.23,2.01,63.5,,,
4255,1.22,2,63.7,,,
4260,1.22,1.99,63.9,,,
4265,1.22,1.99,64.1,,,
4270,1.21,1.98,64.2,,,
4275,1.21,1.97,64.4,,,
4280,1.21,1.96,64.6,,,
4285,1.2,1.95,64.7,,,
4290,1.2,1.94,64.9,,,
4295,1.2,1.93,65,,,
4300,1.2,1.93,65.2,,,
4305,1.19,1.92,65.4,,,
4310,1.19,1.91,65.5,,,
4315,1.19,1.9,65.7,,,
4320,1.18,1.89,65.9,,,
4325,1.18,1.88,66,,,
4330,1.18,1.88,66.2,,,
4335,1.17,1.87,66.3,,,
4340,1.17,1.86,66.5,,,
4345,1.17,1.85,66.6,,,
4350,1.17,1.84,66.8,,,
4355,1.16,1.84,66.9,,,
4360,1.16,1.83,67.1,,,
4365,1.16,1.82,67.2,,,
4370,1.15,1.81,67.4,,,
4375,1.15,1.81,67.5,,,
4380,1.15,1.8,67.7,,,
4385,1.15,1.79,67.8,,,
4390,1.14,1.78,68,,,
4395,1.14,1.78,68.1,,,
4400,1.14,1.77,68.3,,,
4405,1.13,1.76,68.4,,,
4410,1.13,1.76,68.5,,,
4415,1.13,1.75,68.7,,,
4420,1.13,1.74,68.8,,,
4425,1.12,1.73,69,,,
4430,1.12,1.73,69.1,,,
4435,1.12,1.72,69.2,,,
4440,1.11,1.71,69.4,,,
4445,1.11,1.71,69.5,,,
4450,1.11,1.7,69.6,,,
4455,1.11,1.69,69.8,,,
4460,1.1,1.69,69.9,,,
4465,1.1,1.68,70,,,
4470,1.1,1.67,70.2,,,
4475,1.1,1.67,70.3,,,
4480,1.09,1.66,70.4,,,
4485,1.09,1.65,70.5,,,
4490,1.09,1.65,70.7,,,
4495,1.09,1.64,70.8,,,
4500,1.08,1.63,70.9,,,
4505,1.08,1.63,71,,,
4510,1.08,1.62,71.2,,,
4515,1.07,1.62,71.3,,,
4520,1.07,1.61,71.4,,,
4525,1.07,1.6,71.5,,,
4530,1.07,1.6,71.7,,,
4535,1.06,1.59,71.8,,,
4540,1.06,1.58,71.9,,,
4545,1.06,1.58,72,,,
4550,1.06,1.57,72.1,,,
4555,1.05,1.57,72.2,,,
4560,1.05,1.56,72.4,,,
4565,1.05,1.56,72.5,,,
4570,1.05,1.55,72.6,,,
4575,1.04,1.54,72.7,,,
4580,1.04,1.54,72.8,,,
4585,1.04,1.53,72.9,,,
4590,1.04,1.53,73,,,
4595,1.03,1.52,73.1,,,
4600,1.03,1.52,73.3,,,
4605,1.03,1.51,73.4,,,
4610,1.03,1.5,73.5,,,
4615,1.02,1.5,73.6,,,
4620,1.02,1.49,73.7,,,
4625,1.02,1.49,73.8,,,
4630,1.02,1.48,73.9,,,
4635,1.01,1.48,74,,,
4640,1.01,1.47,74.1,,,
4645,1.01,1.47,74.2,,,
4650,1.01,1.46,74.3,,,
4655,1,1.46,74.4,,,
4660,1,1.45,74.5,,,
4665,1,1.45,74.6,,,
4670,1,1.44,74.7,,,
4675,1,1.44,74.8,,,
4680,0.99,1.43,74.9,,,
4685,0.99,1.43,75,,,
4690,0.99,1.42,75.1,,,
4695,0.99,1.42,75.2,,,
4700,0.98,1.41,75.3,,,
4705,0.98,1.41,75.4,,,
4710,0.98,1.4,75.5,,,
4715,0.98,1.4,75.6,,,
4720,0.97,1.39,75.7,,,
4725,0.97,1.39,75.8,,,
4730,0.97,1.38,75.8,,,
4735,0.97,1.38,75.9,,,
4740,0.97,1.37,76,,,
4745,0.96,1.37,76.1,,,
4750,0.96,1.36,76.2,,,
4755,0.96,1.36,76.3,,,
4760,0.96,1.35,76.4,,,
4765,0.95,1.35,76.5,,,
4770,0.95,1.35,76.6,,,
4775,0.95,1.34,76.6,,,
4780,0.95,1.34,76.7,,,
4785,0.95,1.33,76.8,,,
4790,0.94,1.33,76.9,,,
4795,0.94,1.32,77,,,
4800,0.94,1.32,77.1,,,
4805,0.94,1.31,77.2,,,
4810,0.93,1.31,77.2,,,
4815,0.93,1.31,77.3,,,
4820,0.93,1.3,77.4,,,
4825,0.93,1.3,77.5,,,
4830,0.93,1.29,77.6,,,
4835,0.92,1.29,77.6,,,
4840,0.92,1.29,77.7,,,
4845,0.92,1.28,77.8,,,
4850,0.92,1.28,77.9,,,
4855,0.92,1.27,78,,,
4860,0.91,1.27,78,,,
4865,0.91,1.26,78.1,,,
4870,0.91,1.26,78.2,,,
4875,0.91,1.26,78.3,,,
4880,0.91,1.25,78.3,,,
4885,0.9,1.25,78.4,,,
4890,0.9,1.24,78.5,,,
4895,0.9,1.24,78.6,,,
4900,0.9,1.24,78.6,,,
4905,0.9,1.23,78.7,,,
4910,0.89,1.23,78.8,,,
4915,0.89,1.23,78.8,,,
4920,0.89,1.22,78.9,,,
4925,0.89,1.22,79,,,
4930,0.89,1.21,79.1,,,
4935,0.88,1.21,79.1,,,
4940,0.88,1.21,79.2,,,
4945,0.88,1.2,79.3,,,
4950,0.88,1.2,79.3,,,
4955,0.88,1.2,79.4,,,
4960,0.87,1.19,79.5,,,
4965,0.87,1.19,79.5,,,
4970,0.87,1.18,79.6,,,
4975,0.87,1.18,79.7,,,
4980,0.87,1.18,79.7,,,
4985,0.86,1.17,79.8,,,
4990,0.86,1.17,79.9,,,
4995,0.86,1.17,79.9,,,
5000,0.86,1.16,80,,,
5005,0.86,1.16,80.1,,,
5010,0.85,1.16,80.1,,,
5015,0.85,1.15,80.2,,,
5020,0.85,1.15,80.2,,,
5025,0.85,1.15,80.3,,,
5030,0.85,1.14,80.4,,,
5035,0.85,1.14,80.4,,,
5040,0.84,1.14,80.5,,,
5045,0.84,1.13,80.6,,,
5050,0.84,1.13,80.6,,,
5055,0.84,1.13,80.7,,,
5060,0.84,1.12,80.7,,,
5065,0.83,1.12,80.8,,,
5070,0.83,1.12,80.9,,,
5075,0.83,1.11,80.9,,,
5080,0.83,1.11,81,,,
5085,0.83,1.11,81,,,
5090,0.83,1.1,81.1,,,
5095,0.82,1.1,81.1,,,
5100,0.82,1.1,81.2,,,
5105,0.82,1.09,81.3,,,
5110,0.82,1.09,81.3,,,
5115,0.82,1.09,81.4,,,
5120,0.81,1.08,81.4,,,
5125,0.81,1.08,81.5,,,
5130,0.81,1.08,81.5,,,
5135,0.81,1.08,81.6,,,
5140,0.81,1.07,81.6,,,
5145,0.81,1.07,81.7,,,
5150,0.8,1.07,81.7,,,
5155,0.8,1.06,81.8,,,
5160,0.8,1.06,81.9,,,
5165,0.8,1.06,81.9,,,
5170,0.8,1.05,82,,,
5175,0.8,1.05,82,,,
5180,0.79,1.05,82.1,,,
5185,0.79,1.05,82.1,,,
5190,0.79,1.04,82.2,,,
5195,0.79,1.04,82.2,,,
5200,0.79,1.04,82.3,,,
5205,0.79,1.03,82.3,,,
5210,0.78,1.03,82.4,,,
5215,0.78,1.03,82.4,,,
5220,0.78,1.03,82.5,,,
5225,0.78,1.02,82.5,,,